"","baseMean","log2FoldChange","lfcSE","stat","pvalue","padj"
"Zm00001eb000370.Zm_B73_REFERENCE_NAM_5.0.55",3407.49262598734,-1.14697382295869,0.223142237266702,-5.1401018337367,2.74589609804393e-07,5.98182903820031e-05
"Zm00001eb000880.Zm_B73_REFERENCE_NAM_5.0.55",1532.19807281511,-1.00537853197787,0.290621246593194,-3.45941166987417,0.00054135680520666,0.0171012239746282
"Zm00001eb000990.Zm_B73_REFERENCE_NAM_5.0.55",1416.94003499553,-1.01104721218718,0.226623796703699,-4.46134619088163,8.14463929384596e-06,0.00082727035890761
"Zm00001eb001340.Zm_B73_REFERENCE_NAM_5.0.55",1126.85096517057,-1.24077269213592,0.28261468006302,-4.39033348111728,1.13176956725058e-05,0.00106839047148455
"Zm00001eb001590.Zm_B73_REFERENCE_NAM_5.0.55",105.161368570288,1.60194291502268,0.475377592401852,3.36983261438311,0.000752138568538832,0.0212474456469025
"Zm00001eb001690.Zm_B73_REFERENCE_NAM_5.0.55",437.259087100601,-1.06551713404033,0.340371331013583,-3.13045499709788,0.00174535739347001,0.0376957265075848
"Zm00001eb001780.Zm_B73_REFERENCE_NAM_5.0.55",357.913981306611,1.08224875467486,0.331976848907369,3.26001273352903,0.00111407212010798,0.0277978171290379
"Zm00001eb002810.Zm_B73_REFERENCE_NAM_5.0.55",376.43473689115,-1.05624144950226,0.34746821458867,-3.03982178845519,0.00236718173626812,0.046110885980186
"Zm00001eb003630.Zm_B73_REFERENCE_NAM_5.0.55",145.077212263813,-1.48790931067627,0.395726213251846,-3.75994629834982,0.000169949834969663,0.00750562078181809
"Zm00001eb003660.Zm_B73_REFERENCE_NAM_5.0.55",4498.90426182854,-1.29119477276203,0.259715357223165,-4.97157652349586,6.64106414446012e-07,0.000118472400989676
"Zm00001eb003930.Zm_B73_REFERENCE_NAM_5.0.55",6301.88032881239,-1.25454816121011,0.235782236282849,-5.32079168044333,1.03316655744435e-07,2.7217932006348e-05
"Zm00001eb004140.Zm_B73_REFERENCE_NAM_5.0.55",227.817638769951,-1.12376938393388,0.330440605804296,-3.40082109823827,0.00067183780757827,0.0197934426118248
"Zm00001eb004260.Zm_B73_REFERENCE_NAM_5.0.55",456.802110403215,-2.12211130163265,0.331638885800407,-6.3988615101964,1.5653974164363e-10,1.14405302796067e-07
"Zm00001eb005500.Zm_B73_REFERENCE_NAM_5.0.55",1951.2252684039,-1.44081943631457,0.288321435981322,-4.99726782856309,5.81482822306004e-07,0.000107106299367194
"Zm00001eb005510.Zm_B73_REFERENCE_NAM_5.0.55",136.660582380013,-1.48957633882359,0.43641941471542,-3.41317615256626,0.000642104234541387,0.0192427427748276
"Zm00001eb005860.Zm_B73_REFERENCE_NAM_5.0.55",686.128255916293,-1.05280354727918,0.302731210559573,-3.47768419824691,0.000505765415613974,0.0163928773335482
"Zm00001eb008410.Zm_B73_REFERENCE_NAM_5.0.55",646.70987414613,-1.10454655438213,0.280148664530996,-3.94271575854656,8.05641169791517e-05,0.00447367802519525
"Zm00001eb008710.Zm_B73_REFERENCE_NAM_5.0.55",1063.75805559412,1.00344952082185,0.239867000627025,4.18335793668481,2.87234609346796e-05,0.00207910137679265
"Zm00001eb009010.Zm_B73_REFERENCE_NAM_5.0.55",602.929280095593,1.26416556346736,0.233507400893495,5.41381368911713,6.16963619411634e-08,1.85085257546625e-05
"Zm00001eb009090.Zm_B73_REFERENCE_NAM_5.0.55",6023.90399132085,1.44273461294265,0.222918276637755,6.47203376368783,9.66925075958631e-11,8.42563635419952e-08
"Zm00001eb012080.Zm_B73_REFERENCE_NAM_5.0.55",530.778053888324,1.00154927878769,0.267948656668661,3.73784026850405,0.000185607799428238,0.00793420812046446
"Zm00001eb012820.Zm_B73_REFERENCE_NAM_5.0.55",152.093794187135,-1.4601533406515,0.411796826618788,-3.54581008464936,0.000391408182909946,0.0135800058070563
"Zm00001eb013130.Zm_B73_REFERENCE_NAM_5.0.55",2733.21562574064,-1.43686205902776,0.280819732599877,-5.11667056201872,3.10976076973524e-07,6.56595958025974e-05
"Zm00001eb013800.Zm_B73_REFERENCE_NAM_5.0.55",760.778562794036,-1.00100314276706,0.311027503688336,-3.21837500187801,0.00128919147797177,0.0305522197959503
"Zm00001eb013990.Zm_B73_REFERENCE_NAM_5.0.55",3814.04119774733,-1.33031857785591,0.264596492116659,-5.02772567849986,4.96331204121408e-07,9.37073313381218e-05
"Zm00001eb014000.Zm_B73_REFERENCE_NAM_5.0.55",4660.59750686541,-1.53988922962485,0.219959649724497,-7.00078051385146,2.54540442097255e-12,3.60429266009713e-09
"Zm00001eb014450.Zm_B73_REFERENCE_NAM_5.0.55",709.31764874205,1.50125353953735,0.396008203948924,3.79096575416144,0.000150062646357826,0.00692427559242956
"Zm00001eb015000.Zm_B73_REFERENCE_NAM_5.0.55",702.54746145891,-1.14691304319104,0.315176118126783,-3.63895922701125,0.000273742131752454,0.0105116978592942
"Zm00001eb018900.Zm_B73_REFERENCE_NAM_5.0.55",5271.68939457426,1.19550994947069,0.250858629344338,4.76567201453406,1.88225234491905e-06,0.000271619803353414
"Zm00001eb019160.Zm_B73_REFERENCE_NAM_5.0.55",1566.29762070372,1.40893736192729,0.360984795495378,3.90303796588943,9.49927950373485e-05,0.00506389826909686
"Zm00001eb020080.Zm_B73_REFERENCE_NAM_5.0.55",76.9801856091138,1.83885531942824,0.553749917742966,3.32073244710039,0.000897815607948402,0.0240970704855352
"Zm00001eb020240.Zm_B73_REFERENCE_NAM_5.0.55",330.668798498823,1.17017482543295,0.374460073052546,3.12496554277162,0.00177825888670141,0.0382241303008607
"Zm00001eb021620.Zm_B73_REFERENCE_NAM_5.0.55",203.75773130385,-1.27573868383587,0.329434961888928,-3.87250544544814,0.000107722268416831,0.00551068297365393
"Zm00001eb021710.Zm_B73_REFERENCE_NAM_5.0.55",588.063609794955,-2.29655482756058,0.553167518994762,-4.151644391077,3.30094898379539e-05,0.00228704281886447
"Zm00001eb023330.Zm_B73_REFERENCE_NAM_5.0.55",249.15748331241,-1.566959902359,0.404152985343598,-3.87714543547616,0.000105689186925635,0.00544203231587996
"Zm00001eb023400.Zm_B73_REFERENCE_NAM_5.0.55",2457.66567150282,-1.0091363432916,0.281360107867054,-3.58663618286794,0.000334971162159734,0.0122602692243795
"Zm00001eb023420.Zm_B73_REFERENCE_NAM_5.0.55",10835.1128742595,1.18991187623688,0.169758736105255,7.00942940279143,2.3929199569611e-12,3.60429266009713e-09
"Zm00001eb023460.Zm_B73_REFERENCE_NAM_5.0.55",11128.7730158622,1.20866669244293,0.174774317278635,6.9155852602531,4.65935705918285e-12,5.55591544909719e-09
"Zm00001eb023530.Zm_B73_REFERENCE_NAM_5.0.55",172.14968453199,1.19581519028978,0.392017883334964,3.0504097928308,0.00228529318624081,0.0451900610586569
"Zm00001eb023570.Zm_B73_REFERENCE_NAM_5.0.55",4420.94767646712,-1.64088005799775,0.299296614285986,-5.48245446047662,4.1946499802247e-08,1.31991652711071e-05
"Zm00001eb023840.Zm_B73_REFERENCE_NAM_5.0.55",383.628311447727,-1.12667400720576,0.25462867892943,-4.42477262161824,9.65439148768224e-06,0.000942801265279866
"Zm00001eb025100.Zm_B73_REFERENCE_NAM_5.0.55",706.053177140798,-1.83956490646837,0.403075185435726,-4.56382574005341,5.02297762684865e-06,0.00057204806439627
"Zm00001eb025790.Zm_B73_REFERENCE_NAM_5.0.55",147.589646951348,1.36015324558031,0.403492025066241,3.37095447018317,0.000749082368175552,0.0211908592381278
"Zm00001eb025860.Zm_B73_REFERENCE_NAM_5.0.55",86.558910889019,-1.70448514720574,0.560955299470981,-3.03854005624545,0.00237727498343278,0.0461521354110137
"Zm00001eb026840.Zm_B73_REFERENCE_NAM_5.0.55",1075.2968247952,-1.18099641645053,0.351162111325685,-3.36310888436144,0.000770699590728527,0.0215833991687831
"Zm00001eb030730.Zm_B73_REFERENCE_NAM_5.0.55",2119.55493750607,1.09427187752622,0.184890600117485,5.91848302093716,3.24924541184696e-09,1.56627455427244e-06
"Zm00001eb031580.Zm_B73_REFERENCE_NAM_5.0.55",148.426581990022,2.1039637750001,0.63821593653115,3.29663309010369,0.000978512410512504,0.0256291065578859
"Zm00001eb032500.Zm_B73_REFERENCE_NAM_5.0.55",1491.5870553809,-1.18261967762488,0.286592631411879,-4.12648319602214,3.68352906070515e-05,0.0024690542721697
"Zm00001eb033060.Zm_B73_REFERENCE_NAM_5.0.55",3778.74336028692,-1.20040324758886,0.272985302926861,-4.39731822452902,1.09596602733827e-05,0.00104328597963764
"Zm00001eb033610.Zm_B73_REFERENCE_NAM_5.0.55",299.656640649883,1.10537361271614,0.288830095204568,3.82707214749641,0.00012967651530309,0.00617216624098067
"Zm00001eb034220.Zm_B73_REFERENCE_NAM_5.0.55",52374.3907973562,-1.37409742966304,0.338609330469714,-4.05806132913382,4.94817748832113e-05,0.00308831705717365
"Zm00001eb038580.Zm_B73_REFERENCE_NAM_5.0.55",442.559159075234,-1.03383910994862,0.261735480847154,-3.94993871905486,7.81712046315038e-05,0.00438377923794888
"Zm00001eb039650.Zm_B73_REFERENCE_NAM_5.0.55",2453.6046820605,1.48236051883294,0.230295235978895,6.43678325577167,1.22031994756474e-10,9.87413169000955e-08
"Zm00001eb039870.Zm_B73_REFERENCE_NAM_5.0.55",157.554184593109,-1.11985100291249,0.367998769929667,-3.04308354923719,0.00234167308698976,0.0458935514349827
"Zm00001eb039900.Zm_B73_REFERENCE_NAM_5.0.55",190.118672210831,-1.29427333805507,0.381226075162206,-3.39502836343074,0.000686214911645317,0.0199831427226688
"Zm00001eb040580.Zm_B73_REFERENCE_NAM_5.0.55",522.343179070437,1.07658389672141,0.3027830827575,3.55562763585325,0.000377077827365688,0.0131634441553113
"Zm00001eb041390.Zm_B73_REFERENCE_NAM_5.0.55",1838.18648818811,-1.41258298175566,0.175244692480441,-8.06063203262668,7.59009827826284e-16,1.9106807399147e-12
"Zm00001eb041730.Zm_B73_REFERENCE_NAM_5.0.55",1469.86667698651,-1.07128312996578,0.285790129030763,-3.74849591061442,0.000177898237747902,0.00775817391090881
"Zm00001eb041940.Zm_B73_REFERENCE_NAM_5.0.55",40.8199204644448,-2.54372941210523,0.782849901750875,-3.2493194498921,0.00115681487875866,0.0285810227842488
"Zm00001eb043800.Zm_B73_REFERENCE_NAM_5.0.55",5688.15448096935,-1.14408637199181,0.349648566129648,-3.27210371446964,0.00106750408110799,0.0271745757995311
"Zm00001eb045260.Zm_B73_REFERENCE_NAM_5.0.55",274.646862672401,1.97587389831218,0.315625178798036,6.26019098297766,3.84506282576491e-10,2.48896409658657e-07
"Zm00001eb046610.Zm_B73_REFERENCE_NAM_5.0.55",210.517826352434,-1.25754840270289,0.3268280863714,-3.8477366393592,0.00011921410625359,0.00583350926842622
"Zm00001eb046900.Zm_B73_REFERENCE_NAM_5.0.55",6790.72793707025,-1.73376407113192,0.329379695082697,-5.2637248045804,1.41165706355923e-07,3.55361138133309e-05
"Zm00001eb046910.Zm_B73_REFERENCE_NAM_5.0.55",1035.8374065875,-1.35604750366071,0.24158399597179,-5.61315122802693,1.98674820560065e-08,7.61883475729642e-06
"Zm00001eb047330.Zm_B73_REFERENCE_NAM_5.0.55",782.016483519151,-1.57980388490993,0.378114820279563,-4.17810622641526,2.93946370452733e-05,0.00210748385094212
"Zm00001eb047360.Zm_B73_REFERENCE_NAM_5.0.55",523.109220312226,-2.01064110407009,0.419027680465278,-4.79834912537884,1.59978747255008e-06,0.000241631899853964
"Zm00001eb047370.Zm_B73_REFERENCE_NAM_5.0.55",793.701791460125,-1.2810490537761,0.354897996999204,-3.60962604637912,0.000306638744826333,0.0114640386184578
"Zm00001eb047450.Zm_B73_REFERENCE_NAM_5.0.55",1204.44216067948,2.48556186734407,0.450413693078168,5.51839765429314,3.42104614635966e-08,1.17435184078673e-05
"Zm00001eb048150.Zm_B73_REFERENCE_NAM_5.0.55",234.939032362134,1.43485647875806,0.356409242228084,4.02586776310313,5.67655848095731e-05,0.00342954957185517
"Zm00001eb048440.Zm_B73_REFERENCE_NAM_5.0.55",2411.22638537973,-1.06736493715247,0.25341802937615,-4.21187450545662,2.53260240661453e-05,0.00188745526724535
"Zm00001eb048890.Zm_B73_REFERENCE_NAM_5.0.55",557.820235090735,-1.16427944919671,0.297197603033207,-3.91752637744735,8.94622592025195e-05,0.0048605682122117
"Zm00001eb049790.Zm_B73_REFERENCE_NAM_5.0.55",350.79686864567,1.22906752291978,0.298643542420183,4.1155000806631,3.86340862265751e-05,0.00253708364507039
"Zm00001eb050410.Zm_B73_REFERENCE_NAM_5.0.55",1832.84322475155,-1.04701092029467,0.25950186331961,-4.03469519216954,5.46732243479789e-05,0.00334777451575083
"Zm00001eb051290.Zm_B73_REFERENCE_NAM_5.0.55",577.697515691144,1.67212965614972,0.324422798254034,5.15416815695051,2.54759260639565e-07,5.71467901886137e-05
"Zm00001eb054330.Zm_B73_REFERENCE_NAM_5.0.55",40.710936487508,-3.98212514609645,1.31932347291699,-3.01830841930831,0.00254190064255112,0.0483537371600655
"Zm00001eb054490.Zm_B73_REFERENCE_NAM_5.0.55",31.7692665835726,-4.34220021840886,1.40515550785852,-3.09019193542959,0.00200027188078297,0.04157629333121
"Zm00001eb054710.Zm_B73_REFERENCE_NAM_5.0.55",112.845528466674,-1.74693348360737,0.476647691763381,-3.66504131624871,0.000247298656830199,0.00979510204395978
"Zm00001eb056280.Zm_B73_REFERENCE_NAM_5.0.55",339.770237257656,-1.50308862795474,0.441968535731822,-3.40089510097339,0.000671655963778485,0.0197934426118248
"Zm00001eb057690.Zm_B73_REFERENCE_NAM_5.0.55",9448.89037047461,1.93229805318588,0.280551567637168,6.88749690283279,5.67826090083113e-12,6.1260323318681e-09
"Zm00001eb058700.Zm_B73_REFERENCE_NAM_5.0.55",5982.71810404712,-2.36942551187808,0.171158518633111,-13.8434565267364,1.39341695705446e-43,3.1569254579026e-39
"Zm00001eb059540.Zm_B73_REFERENCE_NAM_5.0.55",2057.11726247943,1.07230917548068,0.183858759189852,5.83224416506271,5.4686815128415e-09,2.25269906099885e-06
"Zm00001eb059630.Zm_B73_REFERENCE_NAM_5.0.55",1734.89027412145,-1.05969133424482,0.312046452096922,-3.39594097969645,0.000683931052939764,0.0199827597249025
"Zm00001eb059850.Zm_B73_REFERENCE_NAM_5.0.55",2955.58168238259,1.68737332962532,0.34163974392501,4.93904283570619,7.85069671974009e-07,0.000136301034934746
"Zm00001eb060190.Zm_B73_REFERENCE_NAM_5.0.55",589.5840100131,1.2409827053993,0.330741707906226,3.75212038800729,0.000175345221300503,0.00768398710596555
"Zm00001eb060230.Zm_B73_REFERENCE_NAM_5.0.55",794.517062065208,-1.40439610410284,0.363061542973342,-3.86820397611202,0.000109639933954724,0.00553229920641031
"Zm00001eb060490.Zm_B73_REFERENCE_NAM_5.0.55",146.936227449008,1.25642230020675,0.384478710845902,3.26785922019572,0.00108364252882455,0.0274312906514514
"Zm00001eb062920.Zm_B73_REFERENCE_NAM_5.0.55",585.883228011898,-1.53538751577068,0.34036806080055,-4.51096237455251,6.45341681316311e-06,0.000699562733583845
"Zm00001eb063840.Zm_B73_REFERENCE_NAM_5.0.55",425.984335678244,-1.20739055311888,0.383217316613437,-3.15066804336719,0.00162897517971519,0.0357270684139664
"Zm00001eb063860.Zm_B73_REFERENCE_NAM_5.0.55",1170.28602674923,-1.42812044791696,0.388898305493774,-3.67222080359468,0.000240451785981856,0.00955732572492092
"Zm00001eb063980.Zm_B73_REFERENCE_NAM_5.0.55",12039.8612697311,1.25566255726698,0.280732758864313,4.47280382363173,7.72005971786637e-06,0.000798656040949682
"Zm00001eb405630.Zm_B73_REFERENCE_NAM_5.0.55",316.382095067129,1.18115358122969,0.360452324781419,3.2768649278263,0.00104966570910876,0.0268714421531843
"Zm00001eb405760.Zm_B73_REFERENCE_NAM_5.0.55",3624.98510625285,-1.02421759686358,0.224093804776624,-4.57048599752465,4.86594435770132e-06,0.00056217911133609
"Zm00001eb406590.Zm_B73_REFERENCE_NAM_5.0.55",354.885634758368,-1.52194122407226,0.323675312452149,-4.70206149657229,2.57547900115332e-06,0.000329661312147625
"Zm00001eb406620.Zm_B73_REFERENCE_NAM_5.0.55",130.246315893489,1.94320431901222,0.55758795559507,3.48501846123701,0.000492103087991986,0.0161567777074371
"Zm00001eb406700.Zm_B73_REFERENCE_NAM_5.0.55",226.315625473006,-1.29099163759302,0.35316254594497,-3.65551685028961,0.000256664348170352,0.0100779678893371
"Zm00001eb407860.Zm_B73_REFERENCE_NAM_5.0.55",839.105217472585,2.24165100610193,0.404379571576536,5.5434328627495,2.96598427405382e-08,1.1015957329994e-05
"Zm00001eb408780.Zm_B73_REFERENCE_NAM_5.0.55",88.7734466358795,-3.35444444153249,1.00841283358419,-3.32645949140674,0.000879568033903203,0.023836714564726
"Zm00001eb412600.Zm_B73_REFERENCE_NAM_5.0.55",418.488240116938,-1.38417835297929,0.286527751866231,-4.83087011280329,1.35937666699016e-06,0.000209727513904842
"Zm00001eb412710.Zm_B73_REFERENCE_NAM_5.0.55",605.386428503681,-1.28380732763157,0.300726011066413,-4.26902655702787,1.9632789534709e-05,0.00158844075832752
"Zm00001eb413520.Zm_B73_REFERENCE_NAM_5.0.55",205.350534671482,1.31328239199071,0.330889397785655,3.96894672594325,7.21910176391046e-05,0.00415116674018161
"Zm00001eb416430.Zm_B73_REFERENCE_NAM_5.0.55",5499.06575156522,1.39074266626215,0.327189366920429,4.2505741532865,2.13223227293448e-05,0.00167155205451916
"Zm00001eb417280.Zm_B73_REFERENCE_NAM_5.0.55",547.517479413904,-1.1708280559063,0.329482471795985,-3.55353670113073,0.000380088158401026,0.013248118948821
"Zm00001eb419530.Zm_B73_REFERENCE_NAM_5.0.55",1674.62724015086,-1.16672599787776,0.357320316066935,-3.26521036004905,0.00109382809258369,0.0275263634493299
"Zm00001eb419900.Zm_B73_REFERENCE_NAM_5.0.55",559.797566668345,1.52876067975355,0.355464745675042,4.30073783224374,1.70230360376761e-05,0.00144990189650222
"Zm00001eb421670.Zm_B73_REFERENCE_NAM_5.0.55",189.8270254784,-1.17049955841185,0.341258721022901,-3.42994767988158,0.000603697643640857,0.0185330268486819
"Zm00001eb422110.Zm_B73_REFERENCE_NAM_5.0.55",250.118791944399,-1.72210034296083,0.319726878448347,-5.38616068601516,7.19786186493864e-08,1.97948586745186e-05
"Zm00001eb422400.Zm_B73_REFERENCE_NAM_5.0.55",1572.70890132765,-1.49137524364567,0.29082791003002,-5.12803342530547,2.92784468113158e-07,6.28003669082347e-05
"Zm00001eb424490.Zm_B73_REFERENCE_NAM_5.0.55",121.381425789378,-2.41134122348778,0.80038698762146,-3.01271917307609,0.00258918394263457,0.0489654018400074
"Zm00001eb424720.Zm_B73_REFERENCE_NAM_5.0.55",606.336446251743,-1.12811110977368,0.323726097324498,-3.48477036327065,0.000492559567183558,0.0161567777074371
"Zm00001eb425120.Zm_B73_REFERENCE_NAM_5.0.55",550.667662943228,-1.41979512407032,0.376874419367284,-3.76728971537506,0.000165029446303892,0.00736454871963898
"Zm00001eb425270.Zm_B73_REFERENCE_NAM_5.0.55",188.069160075986,-1.2416129876132,0.370187030266846,-3.35401536547132,0.000796479398009153,0.0221411499893195
"Zm00001eb427030.Zm_B73_REFERENCE_NAM_5.0.55",141.159432411989,1.41096149288708,0.423192725112253,3.33408730623339,0.000855797913522648,0.0234011434286643
"Zm00001eb428670.Zm_B73_REFERENCE_NAM_5.0.55",607.917384284993,-1.33775688297925,0.238439074651736,-5.61047674309749,2.01769988275859e-08,7.61883475729642e-06
"Zm00001eb428870.Zm_B73_REFERENCE_NAM_5.0.55",761.716393746472,1.0535031797432,0.230294418785517,4.57459275521729,4.77147185120485e-06,0.000557229207530398
"Zm00001eb430040.Zm_B73_REFERENCE_NAM_5.0.55",369.748952445842,-1.2769131763072,0.356439379428477,-3.58241330785233,0.000340434610118173,0.0123406184429397
"Zm00001eb430420.Zm_B73_REFERENCE_NAM_5.0.55",806.133370425868,-1.21393071981531,0.264778356002129,-4.58470525364827,4.54627296885101e-06,0.000533680623742427
"Zm00001eb430610.Zm_B73_REFERENCE_NAM_5.0.55",488.219974965905,1.01886575212405,0.242779867541164,4.19666491477634,2.70874240743722e-05,0.0019747153382137
"Zm00001eb430720.Zm_B73_REFERENCE_NAM_5.0.55",92.5763879260639,1.58347988660661,0.461306878728745,3.4325954361884,0.000597833435693712,0.0184279106381996
"Zm00001eb431760.Zm_B73_REFERENCE_NAM_5.0.55",1856.36690900595,1.02739768292103,0.214970794093669,4.77924309324256,1.75956346502108e-06,0.000258861492620243
"Zm00001eb431830.Zm_B73_REFERENCE_NAM_5.0.55",655.885997042989,-1.22165155580983,0.32446015961165,-3.76518200962496,0.000166427806294269,0.00740280069932515
"Zm00001eb432590.Zm_B73_REFERENCE_NAM_5.0.55",173.811347205024,2.33089380381025,0.378136910119804,6.16415309225371,7.08613619649458e-10,4.11650004276362e-07
"Zm00001eb069040.Zm_B73_REFERENCE_NAM_5.0.55",2539.8912859514,-1.27133140674697,0.388047998419185,-3.27622204450498,0.00105205812444023,0.0269022899179661
"Zm00001eb069630.Zm_B73_REFERENCE_NAM_5.0.55",697.306451604881,-1.23574969823811,0.304721231482809,-4.05534492042058,5.00603766917059e-05,0.00311584586353651
"Zm00001eb071050.Zm_B73_REFERENCE_NAM_5.0.55",4036.151002488,1.5272833284917,0.241228247087011,6.33127897306657,2.43137278586336e-10,1.66924793444001e-07
"Zm00001eb071090.Zm_B73_REFERENCE_NAM_5.0.55",259.257278795368,1.7569088666663,0.321799147185882,5.45964425956496,4.77089550417071e-08,1.46066768300664e-05
"Zm00001eb071310.Zm_B73_REFERENCE_NAM_5.0.55",93.393191456779,-2.33256921875558,0.500301374414173,-4.6623282246364,3.1265202139506e-06,0.000393524677595915
"Zm00001eb071640.Zm_B73_REFERENCE_NAM_5.0.55",408.464321590169,-1.04720649447669,0.345582159247252,-3.03026781462828,0.00244336972775973,0.0470322723467497
"Zm00001eb074170.Zm_B73_REFERENCE_NAM_5.0.55",1738.48743615962,1.00949726815121,0.208410209525728,4.84379949738782,1.27379476721301e-06,0.000199028236179159
"Zm00001eb075010.Zm_B73_REFERENCE_NAM_5.0.55",620.402211403416,1.05362934299848,0.291996684561436,3.60836063800167,0.000308137962100571,0.0115011098341854
"Zm00001eb077580.Zm_B73_REFERENCE_NAM_5.0.55",450.442441547549,1.36012034247802,0.29624163029377,4.59125323179341,4.40592363175547e-06,0.000519962160952628
"Zm00001eb077960.Zm_B73_REFERENCE_NAM_5.0.55",710.272858073208,1.99823628191943,0.408528680844695,4.89129986611411,1.00172215512543e-06,0.00016422752797238
"Zm00001eb078120.Zm_B73_REFERENCE_NAM_5.0.55",1901.98808177193,1.24327275004823,0.254773378326665,4.8799162542569,1.06130897389721e-06,0.000169331099384615
"Zm00001eb078660.Zm_B73_REFERENCE_NAM_5.0.55",68.8093411995171,-2.51542886129843,0.586596592170763,-4.28817503352656,1.80147114413205e-05,0.00150355274133417
"Zm00001eb078670.Zm_B73_REFERENCE_NAM_5.0.55",328.54134889743,-2.36722822190245,0.544872962946103,-4.34455071711204,1.3956099858614e-05,0.00123995842508533
"Zm00001eb078700.Zm_B73_REFERENCE_NAM_5.0.55",1907.27939100575,-1.35187996426441,0.228016712211208,-5.92886350809313,3.05038505160126e-09,1.50238095063213e-06
"Zm00001eb078710.Zm_B73_REFERENCE_NAM_5.0.55",649.651134285077,-2.13540378211273,0.479049916245491,-4.45758095283423,8.28897383003731e-06,0.00082727035890761
"Zm00001eb078880.Zm_B73_REFERENCE_NAM_5.0.55",317.862986738206,1.26997043318348,0.316127125575739,4.01727764066615,5.88743447477696e-05,0.00353808263821079
"Zm00001eb079200.Zm_B73_REFERENCE_NAM_5.0.55",555.848025725323,-1.73470735361845,0.248336279234892,-6.98531587476052,2.84215785261377e-12,3.78776048875397e-09
"Zm00001eb080600.Zm_B73_REFERENCE_NAM_5.0.55",530.530409650779,1.32869179220943,0.401413972869737,3.31002875338524,0.00093286387780116,0.0248134330579767
"Zm00001eb080780.Zm_B73_REFERENCE_NAM_5.0.55",1267.04347075625,-1.06297194806573,0.31251179110931,-3.40138189440004,0.00067046092687163,0.0197934426118248
"Zm00001eb081480.Zm_B73_REFERENCE_NAM_5.0.55",65.3169870447917,2.21857933496523,0.703095184630343,3.15544663576621,0.00160252578783717,0.0353179224214387
"Zm00001eb081780.Zm_B73_REFERENCE_NAM_5.0.55",315.715761655043,1.04493925233947,0.32386471576666,3.22646834146742,0.00125328095854049,0.0300787430049718
"Zm00001eb082060.Zm_B73_REFERENCE_NAM_5.0.55",236.835536163395,-1.4575710052874,0.405602255135383,-3.59359689654805,0.000326144282676882,0.0120148371842722
"Zm00001eb082930.Zm_B73_REFERENCE_NAM_5.0.55",1622.52622905326,-1.21023503902686,0.233431960843742,-5.18453015025216,2.16560111798434e-07,5.00651621725034e-05
"Zm00001eb084360.Zm_B73_REFERENCE_NAM_5.0.55",873.83680705614,-1.05315880930348,0.244402355336373,-4.30911890294188,1.63906234135466e-05,0.0014119618405221
"Zm00001eb084690.Zm_B73_REFERENCE_NAM_5.0.55",1977.40561139049,1.04264640134355,0.239710249236822,4.34961126886762,1.36379071368554e-05,0.00122611279401824
"Zm00001eb085520.Zm_B73_REFERENCE_NAM_5.0.55",68.8136667277225,-2.26976042660232,0.552440700785408,-4.10860464005529,3.98056841321912e-05,0.0025932376400583
"Zm00001eb087750.Zm_B73_REFERENCE_NAM_5.0.55",159.821811288468,1.88097752524358,0.575173658748866,3.27027758770305,0.00107441994812423,0.0272759677242293
"Zm00001eb088290.Zm_B73_REFERENCE_NAM_5.0.55",187.381379874152,1.41195046115563,0.361313266669486,3.90782899883725,9.31291798510286e-05,0.00501172137459597
"Zm00001eb090910.Zm_B73_REFERENCE_NAM_5.0.55",9205.19410064723,-1.28388275970052,0.333342214932181,-3.85154565545118,0.000117374641359284,0.00579355092513278
"Zm00001eb092070.Zm_B73_REFERENCE_NAM_5.0.55",9371.98242412576,-1.38953294373703,0.252762413780148,-5.49738753858254,3.85458980404853e-08,1.25117699761032e-05
"Zm00001eb094180.Zm_B73_REFERENCE_NAM_5.0.55",383.760371438673,-1.11836093063863,0.358794467560609,-3.11699602906979,0.00182704033090018,0.0390504016385607
"Zm00001eb097730.Zm_B73_REFERENCE_NAM_5.0.55",520.162690120962,-1.23043464433359,0.29560847717411,-4.16237942868222,3.14948449334712e-05,0.00222983502128976
"Zm00001eb098040.Zm_B73_REFERENCE_NAM_5.0.55",905.636328166752,-1.06472640337837,0.27704337327514,-3.84317585651459,0.000121452376338008,0.00590437778283601
"Zm00001eb098340.Zm_B73_REFERENCE_NAM_5.0.55",1802.43792656203,-1.03994706760529,0.305948251400956,-3.39909466010445,0.000676093122841089,0.0198671411038751
"Zm00001eb100660.Zm_B73_REFERENCE_NAM_5.0.55",260.228543541865,-1.03617573120894,0.297704491773473,-3.48055121720293,0.000500383144011395,0.0162883340671295
"Zm00001eb101170.Zm_B73_REFERENCE_NAM_5.0.55",272.439427469481,1.05290615148643,0.339330203789906,3.10289546797409,0.00191637316257249,0.0403882329034813
"Zm00001eb101560.Zm_B73_REFERENCE_NAM_5.0.55",1166.23299490304,-1.09937799121687,0.250958191549284,-4.38072168288227,1.18286880283168e-05,0.00110499533568011
"Zm00001eb101770.Zm_B73_REFERENCE_NAM_5.0.55",19499.162154929,-1.06176047318449,0.283751274339416,-3.7418703251864,0.00018265576569217,0.00789899322477843
"Zm00001eb102030.Zm_B73_REFERENCE_NAM_5.0.55",4137.3871583815,-1.05008419419662,0.252448988143095,-4.15958963401115,3.18819887950042e-05,0.00224649816504802
"Zm00001eb102160.Zm_B73_REFERENCE_NAM_5.0.55",278.61897827054,1.60249361009939,0.481608560803942,3.3273777513929,0.000876674450099847,0.0238029138079037
"Zm00001eb102590.Zm_B73_REFERENCE_NAM_5.0.55",6114.09553489081,1.1480417014004,0.268003477111503,4.28368211403002,1.83825501892127e-05,0.00151998196017082
"Zm00001eb104970.Zm_B73_REFERENCE_NAM_5.0.55",416.640182602517,1.019748493117,0.262123367317109,3.89033798685847,0.000100104694227986,0.00523781051369344
"Zm00001eb106020.Zm_B73_REFERENCE_NAM_5.0.55",360.433458491023,1.00013980046619,0.26738948062769,3.74038574037536,0.000183738057444308,0.00789899322477843
"Zm00001eb106210.Zm_B73_REFERENCE_NAM_5.0.55",94.7990703377164,4.65615994375149,0.599970840126919,7.76064373856323,8.44993745163554e-15,1.81354694271549e-11
"Zm00001eb109370.Zm_B73_REFERENCE_NAM_5.0.55",812.911403003774,-1.35744170862449,0.285406450713853,-4.75617038517974,1.97299963990685e-06,0.00028291316355525
"Zm00001eb112200.Zm_B73_REFERENCE_NAM_5.0.55",346.995231431885,1.27101665084571,0.384078352428139,3.30926396348651,0.000935416013493116,0.0248159077303279
"Zm00001eb112590.Zm_B73_REFERENCE_NAM_5.0.55",3833.05341212322,-1.08419168678553,0.184564802499829,-5.87431445270578,4.2459674276111e-09,1.81503090641428e-06
"Zm00001eb112700.Zm_B73_REFERENCE_NAM_5.0.55",652.932791360905,-1.22116044369326,0.297279484072765,-4.10778580130459,3.99470310902342e-05,0.0025932376400583
"Zm00001eb117920.Zm_B73_REFERENCE_NAM_5.0.55",283.00750787854,-1.4442028624273,0.447801050573301,-3.22509931715959,0.001259289741985,0.03013047974415
"Zm00001eb118690.Zm_B73_REFERENCE_NAM_5.0.55",175.751430865875,-1.76264997318862,0.484002504965907,-3.64181993916081,0.000270717405648898,0.0104486772442614
"Zm00001eb119450.Zm_B73_REFERENCE_NAM_5.0.55",6317.45680939629,1.22253803494726,0.283892716692083,4.3063381448889,1.65979273307304e-05,0.00141902883624539
"Zm00001eb122530.Zm_B73_REFERENCE_NAM_5.0.55",507.150930743967,-1.64216204127808,0.342437268182823,-4.79551203638661,1.62259826123589e-06,0.000243382106053977
"Zm00001eb122570.Zm_B73_REFERENCE_NAM_5.0.55",122.793224645684,-1.55079025474738,0.500476301298384,-3.09862874770328,0.00194418475929099,0.0407469471845483
"Zm00001eb123780.Zm_B73_REFERENCE_NAM_5.0.55",318.25357570418,1.26982255223592,0.325436366424004,3.9019073565414,9.54376864611115e-05,0.00507567188841066
"Zm00001eb126140.Zm_B73_REFERENCE_NAM_5.0.55",560.035556996447,-1.18973969819158,0.396074938507826,-3.00382473749492,0.00266608858529383,0.0498622369386883
"Zm00001eb127340.Zm_B73_REFERENCE_NAM_5.0.55",148.815043448869,1.21574304705203,0.382320827480545,3.17990274049062,0.00147324490156525,0.0334112477375998
"Zm00001eb128450.Zm_B73_REFERENCE_NAM_5.0.55",676.418965793137,-1.23295459600531,0.228447554063986,-5.39710132182014,6.77261457740311e-08,1.93716684971012e-05
"Zm00001eb128730.Zm_B73_REFERENCE_NAM_5.0.55",18353.9682137872,1.30191469058684,0.156646623076688,8.31115708092524,9.47733721672002e-17,2.68398189977511e-13
"Zm00001eb128850.Zm_B73_REFERENCE_NAM_5.0.55",527.385059428456,1.13380365571873,0.244407146221744,4.6389955172999,3.50106646412944e-06,0.000433443507165664
"Zm00001eb129120.Zm_B73_REFERENCE_NAM_5.0.55",111.28825911114,-1.52905877501054,0.480993844290128,-3.17895705560888,0.00147805987802379,0.0334735202946929
"Zm00001eb129600.Zm_B73_REFERENCE_NAM_5.0.55",183.525341148556,-1.38023464450456,0.385051252569294,-3.58454786290085,0.000337662641283777,0.0123145271166423
"Zm00001eb130000.Zm_B73_REFERENCE_NAM_5.0.55",165.883720776178,1.67170499595133,0.408252463533088,4.09478238412599,4.2256510100917e-05,0.00272753131865064
"Zm00001eb130500.Zm_B73_REFERENCE_NAM_5.0.55",940.997805233074,-1.05002559418347,0.201210918633477,-5.21853188343215,1.80346936500736e-07,4.30400707453778e-05
"Zm00001eb131190.Zm_B73_REFERENCE_NAM_5.0.55",351.251575348518,-1.30131789432128,0.328071502104895,-3.96656791575029,7.2915005080899e-05,0.00417360238350876
"Zm00001eb133810.Zm_B73_REFERENCE_NAM_5.0.55",45465.6510130508,-1.31411290955404,0.153480501235255,-8.56208377596946,1.10845605069898e-17,5.02263605692723e-14
"Zm00001eb135440.Zm_B73_REFERENCE_NAM_5.0.55",75.5394861007395,1.97067574609929,0.609613329157756,3.23266512040014,0.00122641236683783,0.0296537871751098
"Zm00001eb136500.Zm_B73_REFERENCE_NAM_5.0.55",42.5137558488416,-3.13779804316131,0.970335313112088,-3.2337254975269,0.00122186834248335,0.02960711140888
"Zm00001eb137050.Zm_B73_REFERENCE_NAM_5.0.55",10348.6825064579,-1.73683356355384,0.247085589150302,-7.02927908311691,2.07603366644354e-12,3.35961562478177e-09
"Zm00001eb138610.Zm_B73_REFERENCE_NAM_5.0.55",60.1791121120187,-6.40053732399728,1.55032030579316,-4.12852576340519,3.65096537204913e-05,0.00245448876763042
"Zm00001eb139350.Zm_B73_REFERENCE_NAM_5.0.55",115.636888019799,-1.44806152909962,0.447379702049356,-3.23676179868319,0.00120894278074002,0.0293830773976058
"Zm00001eb139850.Zm_B73_REFERENCE_NAM_5.0.55",753.632124819783,-1.2458262849461,0.31353858712571,-3.97343847328941,7.08424637817579e-05,0.00409440525367221
"Zm00001eb140000.Zm_B73_REFERENCE_NAM_5.0.55",2157.08778280308,-2.12091509619636,0.324519992683919,-6.5355452484005,6.33782166246948e-11,6.16429237026942e-08
"Zm00001eb141930.Zm_B73_REFERENCE_NAM_5.0.55",10166.8348676284,2.1236006960244,0.20494551990691,10.3617814968045,3.70005441100403e-25,2.79428109119025e-21
"Zm00001eb144350.Zm_B73_REFERENCE_NAM_5.0.55",337.746534892365,1.26342270828518,0.305300051179024,4.13829838352804,3.49891147479201e-05,0.00238769091484602
"Zm00001eb145790.Zm_B73_REFERENCE_NAM_5.0.55",2022.10472331041,1.02309516014301,0.184927847846366,5.53240180999118,3.1587527518425e-08,1.13231343661895e-05
"Zm00001eb146000.Zm_B73_REFERENCE_NAM_5.0.55",337.77318963454,1.31253679273563,0.388068441146673,3.38223017789677,0.000718998718688221,0.0205937230981041
"Zm00001eb147550.Zm_B73_REFERENCE_NAM_5.0.55",1320.24817246135,1.67366055344501,0.395566776943578,4.2310442913757,2.3260885915541e-05,0.00178040078142735
"Zm00001eb147560.Zm_B73_REFERENCE_NAM_5.0.55",2876.67485474039,1.15751756246641,0.280336166214663,4.1290340026269,3.64290532341534e-05,0.00245448876763042
"Zm00001eb148590.Zm_B73_REFERENCE_NAM_5.0.55",745.917422047867,-1.01484070795819,0.300689878500214,-3.37504113214596,0.000738046590013101,0.0210329352746375
"Zm00001eb148600.Zm_B73_REFERENCE_NAM_5.0.55",734.354918037365,-1.31957273629954,0.310347633791326,-4.25191814797854,2.11947330013087e-05,0.00166731899610295
"Zm00001eb148720.Zm_B73_REFERENCE_NAM_5.0.55",1075.46670790194,1.20754671613005,0.236100936907667,5.11453589276647,3.14513284253388e-07,6.56595958025974e-05
"Zm00001eb151220.Zm_B73_REFERENCE_NAM_5.0.55",471.564019938733,1.0082582785025,0.28747325353018,3.5073116059357,0.000452658748046704,0.0151707641948907
"Zm00001eb152700.Zm_B73_REFERENCE_NAM_5.0.55",6719.62971385697,-1.03372745957992,0.191583862148874,-5.39569172468526,6.82600588453854e-08,1.93716684971012e-05
"Zm00001eb152810.Zm_B73_REFERENCE_NAM_5.0.55",730.724494859996,-1.0644384982216,0.306580724626097,-3.4719681073224,0.000516657711870916,0.0165330467798693
"Zm00001eb153750.Zm_B73_REFERENCE_NAM_5.0.55",544.147092919264,-1.11375898374368,0.352750344117831,-3.15735761088769,0.00159205968478122,0.0352587529016649
"Zm00001eb153760.Zm_B73_REFERENCE_NAM_5.0.55",5705.00821208213,-1.19619593028038,0.319133637547888,-3.74826025696175,0.000178065432277215,0.00775817391090881
"Zm00001eb154270.Zm_B73_REFERENCE_NAM_5.0.55",482.037160702322,1.02353817477284,0.279375595917681,3.66366350436146,0.00024863337781215,0.00981365471726844
"Zm00001eb154390.Zm_B73_REFERENCE_NAM_5.0.55",637.006341783787,-1.30805048199536,0.266303116991836,-4.91188573671655,9.02046178801801e-07,0.000151383394273582
"Zm00001eb154650.Zm_B73_REFERENCE_NAM_5.0.55",1468.55359588584,-1.27596246007173,0.283744771872189,-4.49686685556441,6.89621422949589e-06,0.000730096399922705
"Zm00001eb155630.Zm_B73_REFERENCE_NAM_5.0.55",838.52756459425,-1.38212588136065,0.281139355259297,-4.91615939037032,8.82585478532393e-07,0.000149222810459925
"Zm00001eb158920.Zm_B73_REFERENCE_NAM_5.0.55",321.340562451385,-1.03496511393633,0.297542114815602,-3.47838192444701,0.000504450623392217,0.0163736867099915
"Zm00001eb159490.Zm_B73_REFERENCE_NAM_5.0.55",977.215207646897,1.11396785472111,0.195669262329856,5.69311623837579,1.24741400509575e-08,4.95814240341218e-06
"Zm00001eb161870.Zm_B73_REFERENCE_NAM_5.0.55",909.552290589342,-1.41789796482249,0.300072080311266,-4.7251912385574,2.29898899402656e-06,0.000308200560051277
"Zm00001eb162070.Zm_B73_REFERENCE_NAM_5.0.55",421.383858257153,1.62438769107772,0.27314996772874,5.94687125385595,2.73316211806657e-09,1.37605602104258e-06
"Zm00001eb163270.Zm_B73_REFERENCE_NAM_5.0.55",85.3831668084175,-1.6714878827059,0.496754552986219,-3.36481643229602,0.000765945995693063,0.0215034355370781
"Zm00001eb164120.Zm_B73_REFERENCE_NAM_5.0.55",155.401059258852,1.26443668772152,0.387805599357398,3.26049105483963,0.00111219475315737,0.0277815703721427
"Zm00001eb165430.Zm_B73_REFERENCE_NAM_5.0.55",404.889223993258,1.01991379783384,0.274401280337462,3.71686967560624,0.000201706422311085,0.00835440713689204
"Zm00001eb166140.Zm_B73_REFERENCE_NAM_5.0.55",105.511599210611,-1.97780069340367,0.581490322466091,-3.40126158078754,0.000670756102616,0.0197934426118248
"Zm00001eb166250.Zm_B73_REFERENCE_NAM_5.0.55",343.800348855491,-2.18790538129964,0.37691505025992,-5.80477054389541,6.44542094910758e-09,2.60763316112466e-06
"Zm00001eb166450.Zm_B73_REFERENCE_NAM_5.0.55",4617.72155829747,1.31865106538041,0.157255069610639,8.38542800970023,5.05415189433096e-17,1.63581236168518e-13
"Zm00001eb167060.Zm_B73_REFERENCE_NAM_5.0.55",210.287212134711,1.37217156092117,0.377224745890661,3.63754386706882,0.000275250323873929,0.0105517281517559
"Zm00001eb167090.Zm_B73_REFERENCE_NAM_5.0.55",550.635410654274,-1.79388358684731,0.390266477864575,-4.59656078242468,4.29521714214041e-06,0.000512170734591227
"Zm00001eb167120.Zm_B73_REFERENCE_NAM_5.0.55",309.202797945305,1.5971312780495,0.309754616895281,5.15611774913251,2.52122386873717e-07,5.71208479701093e-05
"Zm00001eb167240.Zm_B73_REFERENCE_NAM_5.0.55",380.538975697854,-1.01816821792634,0.330717557412994,-3.07866393877261,0.00207931091128074,0.0425554363197619
"Zm00001eb169570.Zm_B73_REFERENCE_NAM_5.0.55",2271.85353614269,1.40609022934097,0.343871579218961,4.08899808624672,4.33240427067933e-05,0.0027571615493402
"Zm00001eb170560.Zm_B73_REFERENCE_NAM_5.0.55",329.227903428993,-1.92575145802007,0.367790158286505,-5.23600595239401,1.6408866278721e-07,3.99741155280326e-05
"Zm00001eb170830.Zm_B73_REFERENCE_NAM_5.0.55",3035.10479230785,-1.07784034977797,0.227727210748131,-4.73303276423157,2.21189767626548e-06,0.000303713659111944
"Zm00001eb173160.Zm_B73_REFERENCE_NAM_5.0.55",944.355235656462,1.19566396130704,0.203464827810368,5.87651425641691,4.18995338286489e-09,1.81503090641428e-06
"Zm00001eb174500.Zm_B73_REFERENCE_NAM_5.0.55",553.718494523755,-1.12217836554155,0.262961837496995,-4.26745711934103,1.9771375964352e-05,0.00158844075832752
"Zm00001eb178000.Zm_B73_REFERENCE_NAM_5.0.55",369.603511384065,-1.03146305669672,0.272248784705726,-3.78867827752336,0.000151450891815413,0.00695998256586204
"Zm00001eb178230.Zm_B73_REFERENCE_NAM_5.0.55",420.688249716472,-1.8458915140242,0.267954698779632,-6.88881935055104,5.62573237820837e-12,6.1260323318681e-09
"Zm00001eb179460.Zm_B73_REFERENCE_NAM_5.0.55",227.235791810979,1.05721804466998,0.342678286066897,3.08516205331899,0.00203441273909457,0.0420160939078638
"Zm00001eb180880.Zm_B73_REFERENCE_NAM_5.0.55",306.279974553171,-1.05107976304451,0.282336830655138,-3.72278657589793,0.000197036069010485,0.00828209495269303
"Zm00001eb187010.Zm_B73_REFERENCE_NAM_5.0.55",13168.2970191938,-1.02105063108102,0.246302044067127,-4.14552236035338,3.39039911474243e-05,0.00232766310132135
"Zm00001eb187570.Zm_B73_REFERENCE_NAM_5.0.55",379.329895065459,1.34675392560162,0.351640548714512,3.82991646021748,0.00012818676924173,0.00611410409250658
"Zm00001eb189180.Zm_B73_REFERENCE_NAM_5.0.55",1661.25457057865,-1.00050915506625,0.256229084460093,-3.9047446825736,9.43249149449334e-05,0.00505206920329175
"Zm00001eb189300.Zm_B73_REFERENCE_NAM_5.0.55",15200.6902466345,-1.04489614276097,0.213463306212467,-4.89496842010377,9.83215159997573e-07,0.000162596515802226
"Zm00001eb192450.Zm_B73_REFERENCE_NAM_5.0.55",128.913183367185,-1.54995158191441,0.429616588310263,-3.60775543609843,0.000308857410522027,0.0115090024552418
"Zm00001eb193180.Zm_B73_REFERENCE_NAM_5.0.55",186.571580735848,-1.64821164252135,0.422569035602756,-3.90045531890505,9.60119453818312e-05,0.0050823519499317
"Zm00001eb193290.Zm_B73_REFERENCE_NAM_5.0.55",520.045929711698,-1.15645610822875,0.352349181880036,-3.28213081710089,0.00103025796661683,0.0265546353716393
"Zm00001eb193710.Zm_B73_REFERENCE_NAM_5.0.55",62.6974336375788,1.91191417866707,0.562587559628259,3.39842953500502,0.000677739195240544,0.0198897139991836
"Zm00001eb193940.Zm_B73_REFERENCE_NAM_5.0.55",1201.98697127593,-1.2067033330181,0.228080605056573,-5.29068805617554,1.2185705229092e-07,3.10201503000346e-05
"Zm00001eb194520.Zm_B73_REFERENCE_NAM_5.0.55",65.1670577170003,1.86754705455344,0.555154637996174,3.36401234310918,0.000768181075714505,0.0215394931329057
"Zm00001eb195960.Zm_B73_REFERENCE_NAM_5.0.55",304.344279033283,1.06818128992993,0.277157954132982,3.85405244194222,0.000116178693633824,0.00574704035582515
"Zm00001eb196970.Zm_B73_REFERENCE_NAM_5.0.55",710.949702685772,1.26645269837248,0.329294000156494,3.8459634787473,0.000120079649149309,0.00586319942053176
"Zm00001eb199180.Zm_B73_REFERENCE_NAM_5.0.55",479.888375008202,-1.13447893949828,0.310473995376159,-3.65402241860477,0.000258163711433066,0.0101018256411529
"Zm00001eb200650.Zm_B73_REFERENCE_NAM_5.0.55",331.241153582645,-1.14354486588633,0.363065726827979,-3.14969103770057,0.00163443210712288,0.0358103107764464
"Zm00001eb200830.Zm_B73_REFERENCE_NAM_5.0.55",1782.14881999229,-1.05256896383163,0.246965091103972,-4.26201516629937,2.02591690162103e-05,0.0016048662001093
"Zm00001eb200870.Zm_B73_REFERENCE_NAM_5.0.55",1641.84011281196,-1.17965158323743,0.263927964093798,-4.46959679808006,7.83671871470443e-06,0.000807039541819744
"Zm00001eb201210.Zm_B73_REFERENCE_NAM_5.0.55",626.978285702774,-1.08263320362904,0.25514749599836,-4.24316609258825,2.20388196362158e-05,0.00169833842747655
"Zm00001eb202380.Zm_B73_REFERENCE_NAM_5.0.55",29.8246798568389,-6.00817587700371,1.80945016460522,-3.3204428585711,0.00089874755297834,0.0240970704855352
"Zm00001eb203240.Zm_B73_REFERENCE_NAM_5.0.55",3914.19552126331,-1.92630500592303,0.227729399574657,-8.45874537728067,2.70269432314473e-17,1.02053737641945e-13
"Zm00001eb203620.Zm_B73_REFERENCE_NAM_5.0.55",2257.47613498145,-1.88864940853041,0.304611146771554,-6.2001979525287,5.63921874910681e-10,3.36216157841484e-07
"Zm00001eb203920.Zm_B73_REFERENCE_NAM_5.0.55",576.571517046584,-1.20382276755154,0.309169871252876,-3.89372600464976,9.87161454001848e-05,0.00517711340320969
"Zm00001eb206090.Zm_B73_REFERENCE_NAM_5.0.55",3623.00613030729,-1.58637360027728,0.347602513985477,-4.56375755770156,5.02461002890438e-06,0.00057204806439627
"Zm00001eb207560.Zm_B73_REFERENCE_NAM_5.0.55",150.114516179151,-1.62073264541118,0.499347586981571,-3.24570036516666,0.00117162084156547,0.0287586584902572
"Zm00001eb208980.Zm_B73_REFERENCE_NAM_5.0.55",849.166094546935,-1.09196486433958,0.255270254628681,-4.27768157291951,1.88849902364825e-05,0.0015502113724556
"Zm00001eb209660.Zm_B73_REFERENCE_NAM_5.0.55",798.898299933795,-1.31261681203799,0.242507591668166,-5.41268338450244,6.20872156318126e-08,1.85085257546625e-05
"Zm00001eb210140.Zm_B73_REFERENCE_NAM_5.0.55",2279.90113065793,1.04645332830808,0.261390569996261,4.00340887708017,6.24362563250513e-05,0.00370302571544598
"Zm00001eb211490.Zm_B73_REFERENCE_NAM_5.0.55",461.323874395558,-1.04992761714581,0.336777873692594,-3.11756709439936,0.00182350435187163,0.0390116285136956
"Zm00001eb212890.Zm_B73_REFERENCE_NAM_5.0.55",469.546277537317,-1.14955842353298,0.295827221286754,-3.88591157545531,0.000101946612344739,0.00530966080294808
"Zm00001eb213950.Zm_B73_REFERENCE_NAM_5.0.55",86.3087584789281,-1.48255759483576,0.469738634697772,-3.15613297549951,0.00159875954873571,0.0353036026668191
"Zm00001eb214440.Zm_B73_REFERENCE_NAM_5.0.55",124.126881758083,1.49811352914126,0.467154577175953,3.20689040059861,0.00134178104912343,0.0315673846821812
"Zm00001eb214680.Zm_B73_REFERENCE_NAM_5.0.55",211.886458654181,1.3652457026195,0.329890191108258,4.13848528818935,3.49606285664064e-05,0.00238769091484602
"Zm00001eb216070.Zm_B73_REFERENCE_NAM_5.0.55",7896.11910672606,-1.15581851233432,0.192150609253334,-6.01516964648535,1.79698410129658e-09,9.46801669743613e-07
"Zm00001eb218160.Zm_B73_REFERENCE_NAM_5.0.55",352.722062393166,1.10471225411366,0.318071159524607,3.47316070958703,0.000514367256859263,0.0165327835803667
"Zm00001eb218420.Zm_B73_REFERENCE_NAM_5.0.55",2240.30145629482,-1.13598032761326,0.355276293164063,-3.19745603484068,0.00138645544514133,0.0322831804369187
"Zm00001eb218930.Zm_B73_REFERENCE_NAM_5.0.55",294.043465578913,2.0967981079739,0.551298999909569,3.80337731125549,0.000142736700380153,0.00669532646752122
"Zm00001eb221910.Zm_B73_REFERENCE_NAM_5.0.55",356.906193356748,1.17922614074737,0.331241317228854,3.56002128784146,0.000370824731860401,0.0130052710913766
"Zm00001eb222370.Zm_B73_REFERENCE_NAM_5.0.55",4554.17297325607,-1.30341618054836,0.276399636155785,-4.71569427035615,2.4088792171491e-06,0.000319155365752808
"Zm00001eb222380.Zm_B73_REFERENCE_NAM_5.0.55",377.416857024039,-1.02880356338096,0.298393953562984,-3.44780298359432,0.000565166126017809,0.0176369197672995
"Zm00001eb223330.Zm_B73_REFERENCE_NAM_5.0.55",557.572403275906,-1.03449405950466,0.311341119179765,-3.32270296397101,0.000891497895607382,0.0240970704855352
"Zm00001eb224610.Zm_B73_REFERENCE_NAM_5.0.55",3850.82267022173,-1.07543442257022,0.259951666158649,-4.13705531671367,3.51791323952997e-05,0.00239344871936309
"Zm00001eb224640.Zm_B73_REFERENCE_NAM_5.0.55",131.831613238443,-1.43996102841594,0.429959068878121,-3.34906537074143,0.000810846621499778,0.0224304530606825
"Zm00001eb226040.Zm_B73_REFERENCE_NAM_5.0.55",413.828376012402,-1.17076806692892,0.368066030972073,-3.18086421568677,0.00146836435003363,0.0333673648087883
"Zm00001eb226380.Zm_B73_REFERENCE_NAM_5.0.55",972.285761966406,1.00329655216039,0.237899211852846,4.21731767981217,2.47225565586941e-05,0.00185468291852243
"Zm00001eb227610.Zm_B73_REFERENCE_NAM_5.0.55",280.31975981767,1.07096787439845,0.32735568913162,3.27157251257622,0.00106951157796955,0.027195122682916
"Zm00001eb227760.Zm_B73_REFERENCE_NAM_5.0.55",617.453168860988,-1.13059200771515,0.279800110312324,-4.04071323078873,5.32888881230634e-05,0.00327185108215752
"Zm00001eb227800.Zm_B73_REFERENCE_NAM_5.0.55",233.789438005381,1.38336486114383,0.455354951916814,3.03799235150636,0.00238159999291108,0.0461965149309875
"Zm00001eb228910.Zm_B73_REFERENCE_NAM_5.0.55",18926.2664061588,-1.08433132225368,0.210723481279694,-5.14575459587461,2.66447559102625e-07,5.8608115524554e-05
"Zm00001eb229700.Zm_B73_REFERENCE_NAM_5.0.55",6949.70840944968,-1.23047259961975,0.24507657717375,-5.02076785064363,5.14653298354125e-07,9.63635134505047e-05
"Zm00001eb229750.Zm_B73_REFERENCE_NAM_5.0.55",267.367727532402,-2.48947494319955,0.665538120972667,-3.74054447784485,0.000183622047487028,0.00789899322477843
"Zm00001eb229870.Zm_B73_REFERENCE_NAM_5.0.55",318.566652283373,-1.04505053903518,0.320031347829608,-3.26546304330034,0.00109285265244098,0.0275263634493299
"Zm00001eb230070.Zm_B73_REFERENCE_NAM_5.0.55",4841.57285717202,-1.15912021648858,0.196438655852073,-5.90067271363048,3.62022419192902e-09,1.67387345494579e-06
"Zm00001eb231730.Zm_B73_REFERENCE_NAM_5.0.55",389.940528458268,2.3431669564952,0.550891495869643,4.25340919956707,2.10540332407946e-05,0.00166202152300851
"Zm00001eb231920.Zm_B73_REFERENCE_NAM_5.0.55",99.5297851536895,2.4473361666239,0.756245631827769,3.23616568959075,0.00121147041476047,0.0293865885618984
"Zm00001eb234840.Zm_B73_REFERENCE_NAM_5.0.55",970.395181912905,1.17410172650339,0.233503168247254,5.02820469339474,4.95093226750143e-07,9.37073313381218e-05
"Zm00001eb235330.Zm_B73_REFERENCE_NAM_5.0.55",2485.53598216721,-1.1837817659501,0.281878096086191,-4.19962310795561,2.67359635613728e-05,0.00196665581313787
"Zm00001eb236820.Zm_B73_REFERENCE_NAM_5.0.55",426.844460384308,1.28016000019918,0.257610388314785,4.96936481705428,6.717258253537e-07,0.000118895471087605
"Zm00001eb237650.Zm_B73_REFERENCE_NAM_5.0.55",9606.15920396587,-1.25182585248784,0.281100116965813,-4.45330961082482,8.45566874272793e-06,0.000836557340765258
"Zm00001eb237880.Zm_B73_REFERENCE_NAM_5.0.55",1191.44526312071,-1.13276830342286,0.258722167147507,-4.37831947649474,1.19597946588704e-05,0.00111049634340725
"Zm00001eb238010.Zm_B73_REFERENCE_NAM_5.0.55",549.009061916974,1.27914975008929,0.336892159489947,3.7969116052624,0.000146510002816651,0.00684398066765783
"Zm00001eb238570.Zm_B73_REFERENCE_NAM_5.0.55",1067.02536163351,-1.10927767520062,0.352801780167162,-3.14419523244761,0.00166544288145696,0.0362235070864501
"Zm00001eb238730.Zm_B73_REFERENCE_NAM_5.0.55",758.745723027225,-1.27303737944566,0.356761947383873,-3.56831043439697,0.000359290661402693,0.0128147596502663
"Zm00001eb239550.Zm_B73_REFERENCE_NAM_5.0.55",350.168063909819,-1.37497123244742,0.2968157532938,-4.63240652556072,3.61439541144258e-06,0.000444230378552802
"Zm00001eb244050.Zm_B73_REFERENCE_NAM_5.0.55",198.25422863401,-1.15435330640266,0.355591334805794,-3.24629200268085,0.00116918849291439,0.0287300807976881
"Zm00001eb244140.Zm_B73_REFERENCE_NAM_5.0.55",813.731263926235,1.48489189713056,0.230999213038647,6.4281253498562,1.29187194233338e-10,1.00926381812086e-07
"Zm00001eb244390.Zm_B73_REFERENCE_NAM_5.0.55",128.72030327736,1.35264149230661,0.401234580714637,3.37119868855128,0.000748418589963009,0.0211908592381278
"Zm00001eb245640.Zm_B73_REFERENCE_NAM_5.0.55",4434.92914960279,-1.09784026095032,0.199272835533313,-5.50923189310864,3.6040286540519e-08,1.21869959979403e-05
"Zm00001eb245840.Zm_B73_REFERENCE_NAM_5.0.55",1592.21762464161,-2.19537559867241,0.342857330679461,-6.4031753217051,1.52178272537585e-10,1.14405302796067e-07
"Zm00001eb247810.Zm_B73_REFERENCE_NAM_5.0.55",2924.28205065499,-1.68293606268879,0.384643184146488,-4.37531752037458,1.21255843484717e-05,0.00112129485305704
"Zm00001eb248470.Zm_B73_REFERENCE_NAM_5.0.55",323.660837866608,-1.34755336152632,0.389624824606958,-3.45859215435179,0.000543006475060763,0.0171012239746282
"Zm00001eb249860.Zm_B73_REFERENCE_NAM_5.0.55",440.111632329686,-1.28094144530942,0.332750673081507,-3.8495532809806,0.000118333441852896,0.00581902771009967
"Zm00001eb250050.Zm_B73_REFERENCE_NAM_5.0.55",814.057708466844,1.02303162821386,0.335242216271888,3.05161933240582,0.00227610554467594,0.0451553828547969
"Zm00001eb250120.Zm_B73_REFERENCE_NAM_5.0.55",676.675523185598,1.267416716016,0.316804188865251,4.00063118027483,6.31737547664247e-05,0.00373189529153058
"Zm00001eb251130.Zm_B73_REFERENCE_NAM_5.0.55",600.10888820893,1.38080695012599,0.234864435149892,5.87916578022874,4.12339249273859e-09,1.81503090641428e-06
"Zm00001eb252670.Zm_B73_REFERENCE_NAM_5.0.55",279.922842864848,1.57726341828483,0.357494143022276,4.41199792799556,1.02421093935906e-05,0.000987426512430592
"Zm00001eb253450.Zm_B73_REFERENCE_NAM_5.0.55",103.82634101711,-1.8967481877493,0.471040540621605,-4.0267196221503,5.65604094528442e-05,0.00342629047209529
"Zm00001eb253460.Zm_B73_REFERENCE_NAM_5.0.55",116.949565452787,-1.72384258625983,0.511810872456894,-3.36812420178708,0.000756814938038278,0.0212998748275717
"Zm00001eb255880.Zm_B73_REFERENCE_NAM_5.0.55",1399.1292893741,3.81656941420977,0.403092530201139,9.46822163215315,2.8464836489719e-21,1.61224833877768e-17
"Zm00001eb256100.Zm_B73_REFERENCE_NAM_5.0.55",240.778633977309,1.30310161661442,0.354093730397507,3.68010361310704,0.000233139204078318,0.00931569983703417
"Zm00001eb257320.Zm_B73_REFERENCE_NAM_5.0.55",355.782657252925,-1.75513800409883,0.458720953127903,-3.82615616777692,0.000130159734643597,0.0061821780882292
"Zm00001eb257490.Zm_B73_REFERENCE_NAM_5.0.55",47.4645360824766,-2.46322128256713,0.648839955003876,-3.79634648509341,0.000146844225152763,0.00684547894045473
"Zm00001eb258600.Zm_B73_REFERENCE_NAM_5.0.55",16395.3479414437,-1.33486131300858,0.21983469864432,-6.07211382570823,1.262373988065e-09,6.80960596990492e-07
"Zm00001eb258880.Zm_B73_REFERENCE_NAM_5.0.55",11493.9956501187,-1.08763330868611,0.174011357557645,-6.25035816024717,4.09512491337082e-10,2.57719861214804e-07
"Zm00001eb261960.Zm_B73_REFERENCE_NAM_5.0.55",54.2255933017711,2.23841669708225,0.694462439124725,3.22323652219905,0.00126750845742539,0.0302918476913815
"Zm00001eb262090.Zm_B73_REFERENCE_NAM_5.0.55",97.3354244057808,2.24248165255052,0.660418083085166,3.39554853203699,0.000684912301642509,0.0199827597249025
"Zm00001eb262100.Zm_B73_REFERENCE_NAM_5.0.55",70.338863909737,2.58604190533679,0.730368325785383,3.54073665852904,0.00039901161380114,0.0138015375912651
"Zm00001eb262130.Zm_B73_REFERENCE_NAM_5.0.55",105.244232741463,3.2546341660575,0.876257582103235,3.71424365680874,0.000203812349563093,0.00841087903770755
"Zm00001eb262270.Zm_B73_REFERENCE_NAM_5.0.55",71.6734159061892,3.63884199859356,0.976125450015844,3.72784256217733,0.000193125956037602,0.00814797329606687
"Zm00001eb262280.Zm_B73_REFERENCE_NAM_5.0.55",44.5132430601498,3.02902000712063,0.895452884334963,3.38266821192969,0.000717853009228242,0.0205937230981041
"Zm00001eb262300.Zm_B73_REFERENCE_NAM_5.0.55",42.9893032614295,2.63714224651026,0.857131835647429,3.07670551580705,0.00209301964571905,0.042681775961666
"Zm00001eb262390.Zm_B73_REFERENCE_NAM_5.0.55",55.2269542148479,2.7957240596778,0.745239656370979,3.75144295633953,0.000175819758497429,0.0076899082017717
"Zm00001eb262400.Zm_B73_REFERENCE_NAM_5.0.55",54.5270011015415,2.59107304572131,0.839792950073773,3.08537127573374,0.00203298202835886,0.0420160939078638
"Zm00001eb262410.Zm_B73_REFERENCE_NAM_5.0.55",115.64957066244,2.58068778015235,0.59393019957493,4.3451028117434,1.39210446638656e-05,0.00123995842508533
"Zm00001eb262440.Zm_B73_REFERENCE_NAM_5.0.55",75.7291287531379,3.82840583300507,1.1886349478958,3.22084239554151,0.0012781441497116,0.030417682621708
"Zm00001eb263240.Zm_B73_REFERENCE_NAM_5.0.55",63.1340931029306,2.43806080281407,0.743244412569798,3.28029482843251,0.0010369865836128,0.0266976909526496
"Zm00001eb263270.Zm_B73_REFERENCE_NAM_5.0.55",110.598292515814,2.40905886006143,0.644376464552304,3.738589151817,0.00018505586855941,0.00792556854079771
"Zm00001eb263290.Zm_B73_REFERENCE_NAM_5.0.55",50.4646601905175,3.15414866833795,0.868125738357594,3.63328551265543,0.000279835075671038,0.010673305512463
"Zm00001eb263320.Zm_B73_REFERENCE_NAM_5.0.55",80.8214411584746,2.12194623139231,0.637085791301715,3.33070719887926,0.00086625667956888,0.0236172218198707
"Zm00001eb263340.Zm_B73_REFERENCE_NAM_5.0.55",141.512975893905,2.85141717388761,0.538607611643675,5.29405287308493,1.19634818436399e-07,3.08005278010801e-05
"Zm00001eb263350.Zm_B73_REFERENCE_NAM_5.0.55",79.4702499980991,2.72565247919412,0.661113084098408,4.12282337886448,3.74256662164045e-05,0.00248655687331044
"Zm00001eb263360.Zm_B73_REFERENCE_NAM_5.0.55",72.3168201016517,2.80312331237824,0.772172937183458,3.63017554409869,0.000283228529186758,0.0107498380122367
"Zm00001eb263370.Zm_B73_REFERENCE_NAM_5.0.55",419.499066222844,2.07106343371061,0.411579283374516,5.03199144701859,4.85410926370322e-07,9.31988978631019e-05
"Zm00001eb263390.Zm_B73_REFERENCE_NAM_5.0.55",41.3036682024784,2.36503972161449,0.78176221094611,3.02526738757589,0.00248413405764805,0.0476549883235175
"Zm00001eb263450.Zm_B73_REFERENCE_NAM_5.0.55",75.524515110477,3.862971961867,0.896941384246401,4.30682765865756,1.65612540462676e-05,0.00141902883624539
"Zm00001eb263460.Zm_B73_REFERENCE_NAM_5.0.55",72.8831435622458,2.48633346903986,0.729858338762794,3.40659733127736,0.000657780924432072,0.0195830284151551
"Zm00001eb263470.Zm_B73_REFERENCE_NAM_5.0.55",82.6075842506532,2.56779185636066,0.761740932602543,3.37095165358597,0.00074909002679045,0.0211908592381278
"Zm00001eb263480.Zm_B73_REFERENCE_NAM_5.0.55",195.920109695306,3.03561038115758,0.727501337623921,4.17265264565992,3.01073760244587e-05,0.00215177511422756
"Zm00001eb263590.Zm_B73_REFERENCE_NAM_5.0.55",297.355699666751,1.86786242581165,0.511725601819425,3.65012502632371,0.000262112694843341,0.0102210416770581
"Zm00001eb263630.Zm_B73_REFERENCE_NAM_5.0.55",55.6664945628937,2.14251953067609,0.672887618026493,3.18406740335015,0.00145221192858774,0.03323364995362
"Zm00001eb263660.Zm_B73_REFERENCE_NAM_5.0.55",95.5276691323619,2.81665690242107,0.859033262254823,3.27886826527276,0.00104224276798536,0.0268025563580888
"Zm00001eb263700.Zm_B73_REFERENCE_NAM_5.0.55",47.1311374171052,2.60126062677138,0.776497232831741,3.34999342790323,0.000808134777779137,0.0223827647009342
"Zm00001eb263730.Zm_B73_REFERENCE_NAM_5.0.55",51.0805339654291,3.09902428215325,0.784931134314512,3.94814799244733,7.87581142910789e-05,0.00439493556004602
"Zm00001eb263800.Zm_B73_REFERENCE_NAM_5.0.55",117.41824025549,2.15895022133353,0.580663006334713,3.71807777967698,0.000200744468174803,0.00834253685895226
"Zm00001eb263830.Zm_B73_REFERENCE_NAM_5.0.55",212.794104011183,2.58194377542829,0.538550294178291,4.79424819434509,1.63286017479716e-06,0.000243382106053977
"Zm00001eb263880.Zm_B73_REFERENCE_NAM_5.0.55",34.4816784246272,3.91945466762515,1.20474208896062,3.25335580415109,0.00114050592749103,0.0283015359181126
"Zm00001eb263900.Zm_B73_REFERENCE_NAM_5.0.55",89.0946758186413,4.04182444780233,0.796486175037532,5.07456949596378,3.88374273233503e-07,7.65131089945934e-05
"Zm00001eb263920.Zm_B73_REFERENCE_NAM_5.0.55",86.8502214486086,4.43784635817523,0.687312897348931,6.45680646368294,1.06935509041301e-10,8.97307738088785e-08
"Zm00001eb263930.Zm_B73_REFERENCE_NAM_5.0.55",88.8065703756566,3.1501395501247,0.814330584477134,3.86837926779742,0.000109561160563259,0.00553229920641031
"Zm00001eb266370.Zm_B73_REFERENCE_NAM_5.0.55",4809.68951547088,1.17470105529396,0.16894279969529,6.95324723760161,3.5697226378094e-12,4.4930908934561e-09
"Zm00001eb267030.Zm_B73_REFERENCE_NAM_5.0.55",217553.038623464,1.00340246398887,0.221600308363673,4.52798315759633,5.95493267594947e-06,0.000654926964593743
"Zm00001eb267320.Zm_B73_REFERENCE_NAM_5.0.55",299.639198395438,-1.91034093527136,0.568997023296592,-3.35738300387485,0.00078684035342503,0.0219540086788146
"Zm00001eb267500.Zm_B73_REFERENCE_NAM_5.0.55",3186.332149397,1.30514531533751,0.413062171805607,3.15968249920434,0.00157941150288945,0.0350471567183774
"Zm00001eb268600.Zm_B73_REFERENCE_NAM_5.0.55",628.364255788895,1.58191672365819,0.48666177015295,3.25054652055577,0.00115183422043057,0.028520170598989
"Zm00001eb270270.Zm_B73_REFERENCE_NAM_5.0.55",565.731989657161,-1.10449064459076,0.268431578927053,-4.11460771122947,3.87838426876561e-05,0.00253955705182525
"Zm00001eb271160.Zm_B73_REFERENCE_NAM_5.0.55",420.059058966687,-1.34341514354518,0.427679180450807,-3.14117498571971,0.00168271461003789,0.0364470193164612
"Zm00001eb271480.Zm_B73_REFERENCE_NAM_5.0.55",18687.0275454906,-1.52249282180099,0.198989117839303,-7.65113609393705,1.99211367454389e-14,3.76111061753886e-11
"Zm00001eb272500.Zm_B73_REFERENCE_NAM_5.0.55",125.960189362686,1.58309155178699,0.509807911651427,3.10527066294217,0.0019010497844589,0.0401774103700568
"Zm00001eb272780.Zm_B73_REFERENCE_NAM_5.0.55",1097.09254913812,-1.14011873638586,0.292353132748654,-3.89979996337532,9.62721957842876e-05,0.00508424910883175
"Zm00001eb272880.Zm_B73_REFERENCE_NAM_5.0.55",2573.12882807396,-1.72677786719781,0.222654342556201,-7.75541966697527,8.8051802480007e-15,1.81354694271549e-11
"Zm00001eb277990.Zm_B73_REFERENCE_NAM_5.0.55",470.235536208524,-1.33212175751885,0.320424061492165,-4.15737117654449,3.21930703229081e-05,0.00225262582306593
"Zm00001eb281590.Zm_B73_REFERENCE_NAM_5.0.55",425.854819455375,-1.71320956027566,0.348172619028388,-4.9205752165594,8.62902297234729e-07,0.000146991837940978
"Zm00001eb285660.Zm_B73_REFERENCE_NAM_5.0.55",11588.4531861014,-1.35461147533505,0.207604623102394,-6.52495813962166,6.80205284501835e-11,6.16429237026942e-08
"Zm00001eb285990.Zm_B73_REFERENCE_NAM_5.0.55",955.537932727533,1.1879778481103,0.306777767490052,3.87243788176021,0.000107752143243674,0.00551068297365393
"Zm00001eb286460.Zm_B73_REFERENCE_NAM_5.0.55",867.604549935673,1.01128196500396,0.241928442204262,4.18008711910824,2.91397437531601e-05,0.0020958413792749
"Zm00001eb286950.Zm_B73_REFERENCE_NAM_5.0.55",1307.11559451906,1.59894765112252,0.306405612680231,5.21840196442878,1.80473460487769e-07,4.30400707453778e-05
"Zm00001eb287770.Zm_B73_REFERENCE_NAM_5.0.55",1233.38224597133,-1.65846541825854,0.281537323901762,-5.89074796646583,3.84451516136264e-09,1.74202670991664e-06
"Zm00001eb288020.Zm_B73_REFERENCE_NAM_5.0.55",138.938742574503,1.83804158339169,0.504377925392497,3.64417531152134,0.000268250536627962,0.0103888618082788
"Zm00001eb288100.Zm_B73_REFERENCE_NAM_5.0.55",324.644753669446,-1.07755133358225,0.353354911914797,-3.04948734897473,0.00229232287416315,0.045239431216934
"Zm00001eb289830.Zm_B73_REFERENCE_NAM_5.0.55",368.893367913292,-1.18543009484661,0.341299501954578,-3.47328398681453,0.000514131037019784,0.0165327835803667
"Zm00001eb291420.Zm_B73_REFERENCE_NAM_5.0.55",200.044685453158,-1.54623136757298,0.470249687768595,-3.28810716474918,0.00100863437924901,0.0261759684951497
"Zm00001eb291850.Zm_B73_REFERENCE_NAM_5.0.55",12921.4780680962,-1.2849452473566,0.354028357881717,-3.62949808609937,0.000283972836544113,0.0107586765631161
"Zm00001eb292680.Zm_B73_REFERENCE_NAM_5.0.55",2879.99278252032,-1.1528708609017,0.321740712647896,-3.58322964915967,0.000339371991093342,0.012321813830466
"Zm00001eb293210.Zm_B73_REFERENCE_NAM_5.0.55",2531.47620822658,1.43157212302228,0.332219219827458,4.30911891180104,1.63906227570497e-05,0.0014119618405221
"Zm00001eb294870.Zm_B73_REFERENCE_NAM_5.0.55",2903.51820721871,1.07207566901537,0.212395082476135,5.04755409831969,4.47502079474806e-07,8.66547616459931e-05
"Zm00001eb295670.Zm_B73_REFERENCE_NAM_5.0.55",903.78444694171,1.00010553560435,0.236953770973646,4.22067786258435,2.43568792109174e-05,0.00183943151800848
"Zm00001eb300060.Zm_B73_REFERENCE_NAM_5.0.55",191.99503967887,1.33420483906596,0.353192958715364,3.77755220239593,0.000158377315321061,0.00719077446074942
"Zm00001eb300120.Zm_B73_REFERENCE_NAM_5.0.55",2711.42016490428,-2.06314118242152,0.195446530264873,-10.5560389310852,4.76340482476661e-26,5.39598498549562e-22
"Zm00001eb301140.Zm_B73_REFERENCE_NAM_5.0.55",906.071869263987,1.13123863592217,0.209670478015079,5.3953167209397,6.84027842411766e-08,1.93716684971012e-05
"Zm00001eb302900.Zm_B73_REFERENCE_NAM_5.0.55",660.255140738739,1.03965596303583,0.257720300070592,4.03404761965223,5.48242000116362e-05,0.00334797055381032
"Zm00001eb303120.Zm_B73_REFERENCE_NAM_5.0.55",228.040200555592,1.02232381518435,0.339455517442907,3.01165767722803,0.00259825422904873,0.0490959531387224
"Zm00001eb305810.Zm_B73_REFERENCE_NAM_5.0.55",610.220223876644,-1.12009947842229,0.299839685323519,-3.73566119912956,0.000187222599833518,0.00795818990962137
"Zm00001eb307060.Zm_B73_REFERENCE_NAM_5.0.55",5331.07070532642,1.14645790692739,0.253574430061625,4.52118893316165,6.14932727704358e-06,0.000672870560574786
"Zm00001eb308150.Zm_B73_REFERENCE_NAM_5.0.55",1649.59268155744,1.42042853782639,0.30154006619071,4.71057977724271,2.47013083850684e-06,0.000321628070558683
"Zm00001eb310330.Zm_B73_REFERENCE_NAM_5.0.55",1608.44084816482,-1.13932309163945,0.262742314534462,-4.33627561536159,1.44917215403789e-05,0.00127836714678388
"Zm00001eb311920.Zm_B73_REFERENCE_NAM_5.0.55",850.595349112442,1.02219305765085,0.257442625100513,3.97056647962537,7.1701944931048e-05,0.00413353502381126
"Zm00001eb313950.Zm_B73_REFERENCE_NAM_5.0.55",1053.62370817353,1.04248706516994,0.205982466531918,5.06104758682654,4.1695912166695e-07,8.14364298317795e-05
"Zm00001eb316070.Zm_B73_REFERENCE_NAM_5.0.55",227.985759135414,-1.47186384774737,0.397821109736768,-3.69981333751062,0.000215758102814057,0.0087889750267271
"Zm00001eb317440.Zm_B73_REFERENCE_NAM_5.0.55",1266.67706804755,-1.17226113580534,0.256427952342964,-4.57150293130866,4.8423851466487e-06,0.00056217911133609
"Zm00001eb318820.Zm_B73_REFERENCE_NAM_5.0.55",2482.60533853469,-1.01916899822601,0.238361886819803,-4.27572130689033,1.90519436084764e-05,0.00155266487191957
"Zm00001eb321010.Zm_B73_REFERENCE_NAM_5.0.55",173.727048307347,-1.40372566898922,0.391475941519926,-3.58572652904079,0.000336141069810592,0.012283245286498
"Zm00001eb321920.Zm_B73_REFERENCE_NAM_5.0.55",251.01584429395,2.39551802828022,0.549716723901769,4.35773176278386,1.31417306508805e-05,0.00119095619850539
"Zm00001eb323430.Zm_B73_REFERENCE_NAM_5.0.55",1880.12088042369,-1.13622803434768,0.303689199116919,-3.74141733605166,0.000182985366714569,0.00789899322477843
"Zm00001eb323610.Zm_B73_REFERENCE_NAM_5.0.55",314.582199118211,-1.0167114493696,0.281450968617475,-3.61239278856927,0.000303384553568832,0.0113844849031425
"Zm00001eb324230.Zm_B73_REFERENCE_NAM_5.0.55",759.263403389928,-1.29423826641396,0.32522831295983,-3.97947600144462,6.90673313574812e-05,0.00401228066470537
"Zm00001eb326810.Zm_B73_REFERENCE_NAM_5.0.55",2220.28323613145,1.07438604249517,0.207006287802513,5.19011308255599,2.10166404849748e-07,4.9087938848205e-05
"Zm00001eb327320.Zm_B73_REFERENCE_NAM_5.0.55",499.965665909859,1.33344057198603,0.246982404237643,5.3989294342726,6.70397342208579e-08,1.93716684971012e-05
"Zm00001eb328790.Zm_B73_REFERENCE_NAM_5.0.55",941.639252690317,-1.14022463983818,0.331793897376594,-3.43654494206685,0.000589184595517577,0.0182108679345787
"Zm00001eb328820.Zm_B73_REFERENCE_NAM_5.0.55",878.168596069111,-1.31138139252519,0.3467221031104,-3.78222611353863,0.000155432072626606,0.00709973596255725
"Zm00001eb328840.Zm_B73_REFERENCE_NAM_5.0.55",137.22616636913,-1.37568021945936,0.42328474414445,-3.25001134222285,0.00115400405779939,0.0285427029841735
"Zm00001eb328860.Zm_B73_REFERENCE_NAM_5.0.55",1162.37381549509,-1.04365977143506,0.222394328036263,-4.6928344830129,2.69445485496197e-06,0.000341036699407924
"Zm00001eb329730.Zm_B73_REFERENCE_NAM_5.0.55",728.83006883146,-1.11528357551946,0.362904075678207,-3.07321865546751,0.00211763262731358,0.0429133137785478
"Zm00001eb330500.Zm_B73_REFERENCE_NAM_5.0.55",222.391261450457,-1.45851504879161,0.359152411247579,-4.06099194413091,4.88646577890955e-05,0.00305822565433632
"Zm00001eb330820.Zm_B73_REFERENCE_NAM_5.0.55",1871.57312902059,-1.13679272671252,0.207462834601241,-5.47950060017986,4.26528001638525e-08,1.32375594590718e-05
"Zm00001eb330890.Zm_B73_REFERENCE_NAM_5.0.55",3121.05984777636,1.07694304909277,0.17148026042423,6.28027416350135,3.37976494013092e-10,2.25211630834136e-07
"Zm00001eb330900.Zm_B73_REFERENCE_NAM_5.0.55",2287.25596267072,1.12593180732436,0.192875893390772,5.83759736652621,5.29589469686131e-09,2.22192204170537e-06
"Zm00001eb333740.Zm_B73_REFERENCE_NAM_5.0.55",60.3743162867576,3.320851689413,0.955024509443088,3.47724237082619,0.000506599644596364,0.0163964593542503
"Zm00001eb334760.Zm_B73_REFERENCE_NAM_5.0.55",194.234042389966,-1.24392977405279,0.349405837724466,-3.56012876646248,0.000370672988786707,0.0130052710913766
"Zm00001eb334780.Zm_B73_REFERENCE_NAM_5.0.55",388.582424035665,1.24967118192874,0.321666345919837,3.88499200423089,0.000102333256246295,0.00531757397595424
"Zm00001eb338570.Zm_B73_REFERENCE_NAM_5.0.55",297.384573742893,-1.64493746635327,0.322168302884772,-5.10583273284216,3.29340920871462e-07,6.69943688420951e-05
"Zm00001eb338750.Zm_B73_REFERENCE_NAM_5.0.55",668.379715240556,1.60230099998643,0.245439085349517,6.52830415214706,6.65185154965374e-11,6.16429237026942e-08
"Zm00001eb338990.Zm_B73_REFERENCE_NAM_5.0.55",1752.93591585262,1.53621175444911,0.257275934755781,5.9710666522594,2.35707415631698e-09,1.21367891103449e-06
"Zm00001eb339760.Zm_B73_REFERENCE_NAM_5.0.55",2470.07374227718,-1.35974494189031,0.258859740991324,-5.2528250885327,1.49783767650077e-07,3.68858808682625e-05
"Zm00001eb340420.Zm_B73_REFERENCE_NAM_5.0.55",643.087131132388,-1.03859717133062,0.227884893587446,-4.55755164364189,5.17533676499414e-06,0.000582690596438546
"Zm00001eb343090.Zm_B73_REFERENCE_NAM_5.0.55",2251.20412899482,-1.11084724155695,0.34194480261845,-3.24861566267601,0.00115968051332358,0.028620611884378
"Zm00001eb345460.Zm_B73_REFERENCE_NAM_5.0.55",1480.10823483885,-1.52586466281813,0.324366899971927,-4.70413184252214,2.54948464211483e-06,0.000329661312147625
"Zm00001eb347520.Zm_B73_REFERENCE_NAM_5.0.55",1634.50111741184,1.17738999268471,0.193822443616278,6.0745802741795,1.24312438124043e-09,6.80960596990492e-07
"Zm00001eb348500.Zm_B73_REFERENCE_NAM_5.0.55",1083.2185435039,-1.48783895262752,0.291242763281982,-5.10858685675563,3.24577192741728e-07,6.68510988977872e-05
"Zm00001eb348590.Zm_B73_REFERENCE_NAM_5.0.55",87.0872125193803,-1.82988924434942,0.603374282669309,-3.03275975942172,0.00242328436011379,0.0468446505654761
"Zm00001eb348850.Zm_B73_REFERENCE_NAM_5.0.55",363.871154368368,-1.07298894659606,0.291523675279048,-3.68062369400698,0.000232664158794995,0.00931569983703417
"Zm00001eb350230.Zm_B73_REFERENCE_NAM_5.0.55",89.7973379833107,-1.56545563098222,0.474753962542587,-3.29740403344563,0.000975830154924509,0.025588435173576
"Zm00001eb350690.Zm_B73_REFERENCE_NAM_5.0.55",14475.3348979306,-1.00600463317756,0.260720364205766,-3.85855794671873,0.000114058026519792,0.00569120912444789
"Zm00001eb351520.Zm_B73_REFERENCE_NAM_5.0.55",129.560074178491,-1.3867878099363,0.460856571003497,-3.00915273252289,0.00261977380318726,0.049324723966035
"Zm00001eb354680.Zm_B73_REFERENCE_NAM_5.0.55",1144.65454168618,-1.03577384041052,0.258030868453281,-4.01414701511984,5.96611537056757e-05,0.00357588121258145
"Zm00001eb355370.Zm_B73_REFERENCE_NAM_5.0.55",36.649809047912,2.84272684527791,0.823616327575971,3.45151832242628,0.000557441906645027,0.0174510289083943
"Zm00001eb355770.Zm_B73_REFERENCE_NAM_5.0.55",469.858411247337,1.40215509406079,0.347697773114229,4.0326835616521,5.51435109880707e-05,0.00335841770146702
"Zm00001eb357850.Zm_B73_REFERENCE_NAM_5.0.55",42.7497020763741,6.38727654046763,1.29762215257614,4.92229307875728,8.55359858003159e-07,0.000146810855628179
"Zm00001eb358580.Zm_B73_REFERENCE_NAM_5.0.55",739.208022974482,1.10417399245091,0.2512614739892,4.39452167067353,1.11016929256724e-05,0.00105238474863612
"Zm00001eb359240.Zm_B73_REFERENCE_NAM_5.0.55",533.787706238502,1.03467898061872,0.230880273973716,4.48145249834773,7.41367352568279e-06,0.000770477923843437
"Zm00001eb360800.Zm_B73_REFERENCE_NAM_5.0.55",11961.9163257884,-1.43695666615503,0.3628833344898,-3.95983096929853,7.50028316408499e-05,0.00423756646796782
"Zm00001eb362170.Zm_B73_REFERENCE_NAM_5.0.55",3819.79600537975,1.07462349162121,0.262897024172516,4.08762136050665,4.35818700831391e-05,0.00276580069636862
"Zm00001eb362210.Zm_B73_REFERENCE_NAM_5.0.55",1013.54616513413,-1.25237518215214,0.243162364408531,-5.15036603299373,2.59978576489905e-07,5.77458296956401e-05
"Zm00001eb362480.Zm_B73_REFERENCE_NAM_5.0.55",1342.44471058034,1.26407514343893,0.206462703870234,6.12253506199079,9.20981416027252e-10,5.21643874037836e-07
"Zm00001eb364410.Zm_B73_REFERENCE_NAM_5.0.55",681.972692123536,-1.03611255398156,0.224907600867192,-4.60683654081297,4.08841132961793e-06,0.000490090196210708
"Zm00001eb364470.Zm_B73_REFERENCE_NAM_5.0.55",2341.55018411532,-1.24206281390579,0.16894964869003,-7.35167443990721,1.9573909521096e-13,3.4112807239227e-10
"Zm00001eb364930.Zm_B73_REFERENCE_NAM_5.0.55",551.495720697663,-1.76426961496208,0.453000436149597,-3.89463116185489,9.8348264359571e-05,0.00516978718638153
"Zm00001eb364940.Zm_B73_REFERENCE_NAM_5.0.55",3395.37504281992,-1.01421502889883,0.203495853132101,-4.98395919763755,6.22962216274389e-07,0.00011382122557994
"Zm00001eb365050.Zm_B73_REFERENCE_NAM_5.0.55",2986.15195537881,1.28196256609509,0.349834401085547,3.66448400190811,0.000247837729745199,0.00979932217296201
"Zm00001eb365210.Zm_B73_REFERENCE_NAM_5.0.55",3408.24218019435,-1.00269909890645,0.290473141618454,-3.45195116257438,0.000556548451499814,0.0174510289083943
"Zm00001eb366490.Zm_B73_REFERENCE_NAM_5.0.55",173.904345472083,1.29608358342246,0.388500260594055,3.33612024208329,0.000849564101314619,0.0232741526957485
"Zm00001eb367160.Zm_B73_REFERENCE_NAM_5.0.55",493.439727760975,2.12731771459144,0.485656067634109,4.38029679100838,1.1851777302713e-05,0.00110499533568011
"Zm00001eb367730.Zm_B73_REFERENCE_NAM_5.0.55",679.873300969113,-1.00099624227481,0.307364873197135,-3.25670344780356,0.0011271412370847,0.0280312973297377
"Zm00001eb370230.Zm_B73_REFERENCE_NAM_5.0.55",1579.51032201538,-1.0095821951409,0.271561587381085,-3.71769146320443,0.000201051603327504,0.00834253685895226
"Zm00001eb371070.Zm_B73_REFERENCE_NAM_5.0.55",550.747659824159,-1.17537383851408,0.3122468883741,-3.76424516072638,0.000167052931667791,0.00740655816020642
"Zm00001eb371340.Zm_B73_REFERENCE_NAM_5.0.55",767.104377422343,1.00549291547776,0.211507690779075,4.75393075199344,1.99499392966691e-06,0.000284267814280086
"Zm00001eb372660.Zm_B73_REFERENCE_NAM_5.0.55",1830.36745304892,-1.06893846736551,0.241850611403793,-4.419829502026,9.8778803065738e-06,0.000960486078222043
"Zm00001eb374500.Zm_B73_REFERENCE_NAM_5.0.55",322.627629385623,1.15878426558523,0.363978020692677,3.18366549546035,0.00145422956928579,0.0332462412933793
"Zm00001eb374700.Zm_B73_REFERENCE_NAM_5.0.55",342.255455758817,-1.83197843140807,0.403103193152636,-4.54468846322035,5.50165635325742e-06,0.00061401737113005
"Zm00001eb375160.Zm_B73_REFERENCE_NAM_5.0.55",86.6647877094358,-2.09269356583331,0.561114466020765,-3.72953059056557,0.000191836816617461,0.00810868454717387
"Zm00001eb378470.Zm_B73_REFERENCE_NAM_5.0.55",482.29382535148,1.01483673206746,0.237765985606045,4.26821662266252,1.97041934334693e-05,0.00158844075832752
"Zm00001eb378820.Zm_B73_REFERENCE_NAM_5.0.55",624.909758450975,-1.07844466344283,0.338098331979141,-3.18973671691868,0.00142402461892219,0.0328206528650063
"Zm00001eb378890.Zm_B73_REFERENCE_NAM_5.0.55",510.417067846681,1.01850198707654,0.311585116913488,3.26877611217653,0.00108013732569867,0.0273731445760952
"Zm00001eb379410.Zm_B73_REFERENCE_NAM_5.0.55",2508.12210558771,-1.10053229086112,0.321921523781079,-3.41863531812038,0.000629360151014671,0.0189611483795058
"Zm00001eb379630.Zm_B73_REFERENCE_NAM_5.0.55",957.936757710288,-1.211760512219,0.219242186101104,-5.52704082078524,3.25677205293162e-08,1.13516042509567e-05
"Zm00001eb380150.Zm_B73_REFERENCE_NAM_5.0.55",2144.1680057403,-1.17654314479324,0.263427153399964,-4.46629411436141,7.95861796785267e-06,0.000812209228286802
"Zm00001eb381290.Zm_B73_REFERENCE_NAM_5.0.55",615.162358168041,-1.26085836172783,0.273499558874139,-4.61009285323223,4.02489162858415e-06,0.000485042259240439
"Zm00001eb381620.Zm_B73_REFERENCE_NAM_5.0.55",644.614338306557,1.33877954519569,0.270371801708725,4.951624158787,7.35966402393926e-07,0.000129256238857649
"Zm00001eb382500.Zm_B73_REFERENCE_NAM_5.0.55",898.138453155279,-1.31031141002784,0.318138000987434,-4.11868876387262,3.81034372368057e-05,0.00250951009894497
"Zm00001eb383580.Zm_B73_REFERENCE_NAM_5.0.55",441.18595649163,1.10353366602776,0.259952280930612,4.24513938511016,2.18457580555589e-05,0.00169778614689786
"Zm00001eb383860.Zm_B73_REFERENCE_NAM_5.0.55",478.458989625163,-1.34661812126381,0.362615052020149,-3.71362996037182,0.000204307470089922,0.00841598189519503
"Zm00001eb384320.Zm_B73_REFERENCE_NAM_5.0.55",200.806224191845,1.51758557460562,0.389391414506968,3.8973267464747,9.72603555591451e-05,0.00512448980359998
"Zm00001eb385230.Zm_B73_REFERENCE_NAM_5.0.55",132.286891293135,-1.79068019413587,0.561612162749726,-3.18846405563667,0.00143030791134315,0.0328985340501425
"Zm00001eb385870.Zm_B73_REFERENCE_NAM_5.0.55",3367.47037369883,-1.17728223298402,0.253112416959495,-4.65122275361315,3.29972669162414e-06,0.000411854472462534
"Zm00001eb387070.Zm_B73_REFERENCE_NAM_5.0.55",1169.56854513681,-1.06373477490087,0.22430245574065,-4.7424125223614,2.11188030578812e-06,0.000293538406183655
"Zm00001eb389260.Zm_B73_REFERENCE_NAM_5.0.55",1043.7822679322,-1.65627217365137,0.249212726476409,-6.64601762947349,3.0112920699181e-11,3.10108332436656e-08
"Zm00001eb389400.Zm_B73_REFERENCE_NAM_5.0.55",491.281504206712,1.03872016570044,0.27549313879329,3.77040303163347,0.000162984122237519,0.00729756575773368
"Zm00001eb390590.Zm_B73_REFERENCE_NAM_5.0.55",2916.26676421225,-1.20050483540755,0.303085251667347,-3.96094771620618,7.46528789391039e-05,0.00422833906311084
"Zm00001eb390710.Zm_B73_REFERENCE_NAM_5.0.55",373.771599892221,-1.20799095657624,0.28193051958835,-4.28471156063571,1.82976420393017e-05,0.00151850321627259
"Zm00001eb391280.Zm_B73_REFERENCE_NAM_5.0.55",539.665029366119,-1.25011997571025,0.33144821568668,-3.7716901662008,0.000162145515076117,0.00729756575773368
"Zm00001eb391360.Zm_B73_REFERENCE_NAM_5.0.55",625.693383875736,1.09107687214338,0.239275934441551,4.55991060985658,5.11754001604789e-06,0.000579714933017905
"Zm00001eb391620.Zm_B73_REFERENCE_NAM_5.0.55",8457.79347433736,-1.11147849133787,0.217352711180788,-5.11370888957248,3.15894065257906e-07,6.56595958025974e-05
"Zm00001eb391660.Zm_B73_REFERENCE_NAM_5.0.55",859.59344054756,-26.4932363190431,4.78481233755133,-5.53694365631093,3.07795514578991e-08,1.12474438359704e-05
"Zm00001eb391670.Zm_B73_REFERENCE_NAM_5.0.55",8509.64890061499,-1.31877392722807,0.302362635047644,-4.36156381234165,1.29136120667511e-05,0.00117972094751739
"Zm00001eb393650.Zm_B73_REFERENCE_NAM_5.0.55",148.912996442746,-1.32951186591275,0.429049022204055,-3.09874116268335,0.00194344728081086,0.0407469471845483
"Zm00001eb393680.Zm_B73_REFERENCE_NAM_5.0.55",1007.61858780572,-1.12926505933354,0.348033956462725,-3.2446979335319,0.00117575272875434,0.0288271344846184
"Zm00001eb394070.Zm_B73_REFERENCE_NAM_5.0.55",296.575432525674,-1.0346061425526,0.278271855130091,-3.71796904170895,0.000200830874071,0.00834253685895226
"Zm00001eb395580.Zm_B73_REFERENCE_NAM_5.0.55",115.506648450987,1.37545518658085,0.420038766837004,3.27459105010322,0.00105815033422645,0.0270275693035339
"Zm00001eb396640.Zm_B73_REFERENCE_NAM_5.0.55",318.087463732412,1.26899474410842,0.420058606453844,3.02099451031688,0.00251945927856405,0.0481244220567619
"Zm00001eb397140.Zm_B73_REFERENCE_NAM_5.0.55",1285.34264284806,-1.22046311695586,0.258021376934878,-4.73008527996457,2.24425542670935e-06,0.000304466173338485
"Zm00001eb400300.Zm_B73_REFERENCE_NAM_5.0.55",3571.2029833713,-1.21226965795132,0.219208935811639,-5.53020182987884,3.19862552717218e-08,1.13231343661895e-05
"Zm00001eb400610.Zm_B73_REFERENCE_NAM_5.0.55",390.833528109487,1.00198660938387,0.260332302734695,3.84887545209862,0.000118661317181588,0.00581902771009967
"Zm00001eb401220.Zm_B73_REFERENCE_NAM_5.0.55",1477.49800026363,-1.64909070909407,0.264386103166044,-6.23743339512205,4.44808393606993e-10,2.7236699906919e-07
"Zm00001eb402880.Zm_B73_REFERENCE_NAM_5.0.55",11181.8996537219,-1.00511485411948,0.285882861571227,-3.5158275966433,0.000438385553237509,0.0148461331751106
"Zm00001eb402940.Zm_B73_REFERENCE_NAM_5.0.55",1437.00567578368,-1.20653343154715,0.326139696366412,-3.69943752627902,0.000216077819998543,0.0087889750267271
"Zm00001eb403200.Zm_B73_REFERENCE_NAM_5.0.55",304.519268399408,-1.67478269217731,0.352796899572826,-4.74715819273122,2.06294603184952e-06,0.000288506822824585
"Zm00001eb403920.Zm_B73_REFERENCE_NAM_5.0.55",1182.29044352756,-1.2878203651286,0.240246312005838,-5.36041679215167,8.30301640058248e-08,2.2394421377571e-05
"Zm00001eb437540.Zm_B73_REFERENCE_NAM_5.0.55",46.6547283360369,2.80093418448461,0.793790950843126,3.52855393666253,0.000417836787878648,0.0143214981334019
"Zm00001eb437560.Zm_B73_REFERENCE_NAM_5.0.55",55.4758973088129,2.58060393555,0.843538926460639,3.05925886120967,0.00221885334374369,0.0442131410341751
"Zm00001eb437580.Zm_B73_REFERENCE_NAM_5.0.55",113.817545242645,2.49390269615049,0.675766112729928,3.69048203094373,0.000223829500606566,0.00903936036674216
"Zm00001eb437590.Zm_B73_REFERENCE_NAM_5.0.55",83.842754467511,2.16558662746522,0.71991370280784,3.00811974965735,0.00262869534581207,0.0493419401447542
"Zm00001eb437600.Zm_B73_REFERENCE_NAM_5.0.55",108.103982064678,2.14535962542959,0.673585723673628,3.18498381130934,0.00144762106142227,0.0331956505744766
"Zm00001eb437610.Zm_B73_REFERENCE_NAM_5.0.55",76.6294756120963,2.326193961085,0.679657239282692,3.42259866685162,0.000620255822763756,0.0188624374772291
"Zm00001eb437680.Zm_B73_REFERENCE_NAM_5.0.55",109.784152418419,2.58588686016536,0.672954563383241,3.84258759932462,0.000121743940003263,0.00590437778283601
"Zm00001eb437690.Zm_B73_REFERENCE_NAM_5.0.55",69.7870061647934,2.61828742925843,0.825503557050465,3.17174578703646,0.00151525583843368,0.0341248869538305
"Zm00001eb437700.Zm_B73_REFERENCE_NAM_5.0.55",77.5861302762624,2.60004355798341,0.728798825596611,3.56757374829049,0.000360301990519933,0.0128147596502663
"Zm00001eb437880.Zm_B73_REFERENCE_NAM_5.0.55",96.531246924942,2.61390279284258,0.626763054675086,4.17048001369134,3.03958713638404e-05,0.00216556245792192
"Zm00001eb437900.Zm_B73_REFERENCE_NAM_5.0.55",79.095554398572,2.27772097396695,0.666173121625204,3.41911269012204,0.00062825701716281,0.0189584771843359
"Zm00001eb437910.Zm_B73_REFERENCE_NAM_5.0.55",84.551338255337,2.33740927096065,0.692142811169706,3.37706212249821,0.000732645012379096,0.0209316587647677
"Zm00001eb438210.Zm_B73_REFERENCE_NAM_5.0.55",76.0398372852433,2.14808304830686,0.626454083200839,3.42895529921574,0.0006059093118991,0.0185757528692639
"Zm00001eb438240.Zm_B73_REFERENCE_NAM_5.0.55",65.09098474904,2.44170294845048,0.780950855577878,3.12657695552904,0.00176854211719869,0.0380875382198227
"Zm00001eb438250.Zm_B73_REFERENCE_NAM_5.0.55",97.1178419762406,2.83692919811427,0.740389342529972,3.83167211513371,0.000127275288484038,0.00609629796172172
"Zm00001eb439250.Zm_B73_REFERENCE_NAM_5.0.55",99.5897226342711,2.49650594225555,0.682281487660153,3.65905566457208,0.000253146354939461,0.00997078427594048
"Zm00001eb439690.Zm_B73_REFERENCE_NAM_5.0.55",132.896999317676,3.89354850733616,0.741212840653843,5.25294260134722,1.49688196378943e-07,3.68858808682625e-05
"Zm00001eb439710.Zm_B73_REFERENCE_NAM_5.0.55",97.0806834437602,3.88682198494038,0.70650462935769,5.50148126909521,3.76613629517641e-08,1.25117699761032e-05
"Zm00001eb439750.Zm_B73_REFERENCE_NAM_5.0.55",106.298272629404,2.91767328152734,0.629940818530304,4.6316625240042,3.62741084181976e-06,0.000444230378552802
"Zm00001eb440560.Zm_B73_REFERENCE_NAM_5.0.55",58.5299096859972,4.41678325785908,1.2521239485889,3.52743293731952,0.000419610041809732,0.0143388915644665
"Zm00001eb441110.Zm_B73_REFERENCE_NAM_5.0.55",104.618645130411,3.46207789809488,0.630594441807591,5.49018143606036,4.01521067876729e-08,1.28124807236833e-05
"Zm00001eb441190.Zm_B73_REFERENCE_NAM_5.0.55",85.9233899541134,3.66762816075362,1.10812131176719,3.30977134164547,0.000933722150341141,0.0248134330579767
"Zm00001eb435980.Zm_B73_REFERENCE_NAM_5.0.55",42.875195336334,2.36993736190797,0.700670207694188,3.38238637219516,0.000718589986543766,0.0205937230981041
"Zm00001eb442570.Zm_B73_REFERENCE_NAM_5.0.55",328.239313996562,2.30633682590911,0.546745553396618,4.21830010611181,2.46151056585254e-05,0.0018527569229221
"Zm00001eb442750.Zm_B73_REFERENCE_NAM_5.0.55",90.0907456617403,3.0286818604883,0.898960493180039,3.36909339561125,0.000754158699470366,0.021277981936738
